"","GenderN","WorkLifeBalance","OvertimeN","MonthlyIncome","JobSatisfaction","PerformanceRating","DistanceFromHome","YearsWithCurrManager","NumCompaniesWorked","TotalWorkingYears","JobLevel","JobInvolvement","Age","AttritionN"
"1",2,1,1,5993,4,3,1,5,8,8,2,3,41,1
"2",1,3,2,5130,2,4,8,7,1,10,2,2,49,2
"3",1,3,1,2090,3,3,2,0,6,7,1,2,37,1
"4",2,3,1,2909,3,3,3,0,1,8,1,3,33,2
"5",1,3,2,3468,2,3,2,2,9,6,1,3,27,2
"6",1,2,2,3068,4,3,2,6,0,8,1,3,32,2
"7",2,2,1,2670,1,4,3,0,4,12,1,4,59,2
"8",1,3,2,2693,3,4,24,0,1,1,1,3,30,2
"9",1,3,2,9526,3,4,23,8,0,10,3,2,38,2
"10",1,2,2,5237,3,3,27,7,6,17,2,3,36,2
"11",1,3,2,2426,2,3,16,3,0,6,1,4,35,2
"12",2,3,1,4193,3,3,15,8,0,10,2,2,29,2
"13",1,2,2,2911,3,3,26,3,1,5,1,3,31,2
"14",1,3,2,2661,4,3,19,2,0,3,1,3,34,2
"15",1,3,1,2028,3,3,24,3,5,6,1,2,28,1
"16",2,3,2,9980,1,3,21,8,1,10,3,4,29,2
"17",1,2,1,3298,2,3,5,5,0,7,1,4,32,2
"18",1,2,1,2935,4,3,16,0,1,1,1,4,22,2
"19",2,3,2,15427,4,3,2,7,2,31,4,2,53,2
"20",1,3,1,3944,4,3,2,2,5,6,1,3,38,2
"21",2,2,2,4011,3,3,11,3,0,5,2,4,24,2
"22",1,3,2,3407,1,4,9,3,7,10,1,2,36,1
"23",2,3,2,11994,2,3,7,11,0,13,3,3,34,2
"24",1,3,2,1232,4,3,15,0,1,0,1,3,21,2
"25",1,3,2,2960,1,3,6,3,2,8,1,3,34,1
"26",2,2,2,19094,3,3,5,8,4,26,5,3,53,2
"27",2,3,1,3919,1,4,16,7,1,10,1,1,32,1
"28",1,3,2,6825,2,3,8,2,0,10,2,3,42,2
"29",2,3,2,10248,4,3,7,17,3,24,3,2,44,2
"30",2,2,2,18947,1,3,2,1,3,22,5,3,46,2
"31",1,3,2,2496,4,3,2,0,4,7,1,3,33,2
"32",1,4,1,6465,4,3,10,3,2,9,2,3,44,2
"33",1,3,2,2206,3,3,9,8,1,10,1,2,30,2
"34",1,4,2,2086,4,3,5,0,3,19,2,3,39,1
"35",1,2,1,2293,4,3,1,0,2,6,1,3,24,1
"36",2,2,2,2645,3,3,2,4,1,6,1,4,43,2
"37",1,3,1,2683,3,3,3,2,1,3,1,2,50,1
"38",2,3,2,2014,4,3,2,2,1,2,1,3,35,2
"39",2,4,1,3419,1,3,5,0,9,6,1,2,36,2
"40",2,3,2,5376,1,3,1,3,2,10,2,4,33,2
"41",1,3,2,1951,4,3,4,0,1,1,1,3,35,2
"42",2,3,2,2341,1,3,2,0,1,1,1,3,27,2
"43",1,2,2,2293,3,3,25,1,1,1,1,1,26,1
"44",1,3,2,8726,3,3,8,7,1,9,3,3,27,2
"45",2,3,2,4011,4,4,1,7,1,12,2,3,30,2
"46",2,3,2,19545,3,3,12,8,1,23,5,3,41,1
"47",1,3,2,4568,3,4,23,7,0,10,2,3,34,2
"48",1,3,2,3022,2,4,19,0,4,8,1,3,37,2
"49",1,3,1,5772,4,4,5,8,4,14,2,3,46,2
"50",1,3,2,2269,4,3,8,1,1,1,1,4,35,2
"51",1,3,1,5381,3,3,1,0,9,23,3,2,48,1
"52",1,2,1,3441,3,3,5,2,1,2,1,3,28,1
"53",2,2,1,5454,1,4,1,3,5,9,2,3,44,2
"54",1,3,1,9884,1,3,11,3,2,10,3,2,35,2
"55",2,2,1,4157,4,3,23,0,7,5,2,2,26,2
"56",2,3,1,13458,4,3,1,12,1,15,3,3,33,2
"57",1,2,2,9069,1,4,18,8,1,9,3,3,35,2
"58",2,3,1,4014,1,3,23,2,3,4,1,3,35,2
"59",1,2,2,5915,4,4,7,7,3,10,2,3,31,2
"60",1,4,2,5993,3,3,1,7,1,7,2,2,37,2
"61",1,3,1,6162,4,4,1,8,1,9,2,3,32,2
"62",2,3,2,2406,4,3,29,9,1,10,2,3,38,2
"63",2,2,1,18740,3,3,7,8,5,29,5,2,50,2
"64",2,2,2,7637,1,3,25,9,7,28,3,3,59,2
"65",2,3,2,10096,3,3,8,8,1,17,3,3,36,2
"66",2,3,1,14756,3,3,8,2,2,21,4,3,55,2
"67",1,3,2,6499,2,3,11,3,1,6,2,2,36,2
"68",1,3,2,9724,1,3,7,0,2,25,3,3,45,2
"69",1,2,2,2194,1,3,1,2,4,5,1,3,35,2
"70",1,2,1,3388,3,3,9,0,0,2,1,2,36,1
"71",2,2,2,5473,3,3,1,3,7,20,2,2,59,2
"72",1,3,2,2703,2,4,2,4,0,6,1,3,29,2
"73",1,3,2,2501,2,3,1,0,1,1,1,3,31,2
"74",1,3,2,6220,2,3,1,9,1,10,2,3,32,2
"75",2,3,2,3038,4,3,6,0,3,5,1,4,36,2
"76",2,3,2,4424,4,4,8,8,1,11,2,3,31,2
"77",1,3,2,4312,1,3,1,8,0,16,2,2,35,2
"78",1,4,1,13245,1,3,6,0,4,17,3,3,45,2
"79",1,4,2,13664,3,3,7,2,4,16,3,3,37,2
"80",1,3,1,5021,2,4,5,2,8,16,2,3,46,2
"81",1,2,1,5126,4,3,1,0,1,10,2,2,30,2
"82",1,3,2,2859,3,3,1,4,1,6,1,2,35,2
"83",1,3,2,10239,4,3,1,0,3,24,3,3,55,2
"84",2,3,1,5329,4,3,6,9,7,17,2,1,38,2
"85",1,3,2,4325,2,3,1,3,1,5,2,3,34,2
"86",1,2,2,7260,4,3,7,2,4,37,3,1,56,2
"87",1,3,2,2322,1,3,2,0,3,3,1,3,23,2
"88",1,3,2,2075,4,4,9,3,3,10,1,3,51,2
"89",1,3,2,4152,4,3,2,8,1,11,2,2,30,2
"90",1,3,2,9619,4,3,9,7,1,9,3,2,46,1
"91",1,2,2,13503,2,4,1,11,1,22,4,2,40,2
"92",1,1,1,5441,4,4,21,0,0,11,2,3,51,2
"93",2,2,1,5209,2,3,4,7,1,11,2,2,30,2
"94",1,2,1,10673,1,3,1,5,2,21,3,2,46,2
"95",1,3,2,5010,3,3,6,7,1,12,2,3,32,2
"96",2,1,2,13549,3,3,2,3,9,16,3,3,54,2
"97",2,2,2,4999,3,4,3,2,0,4,2,3,24,2
"98",1,4,2,4221,3,3,4,4,1,5,2,3,28,2
"99",1,2,2,13872,3,3,10,8,0,38,4,3,58,2
"100",1,4,2,2042,2,3,23,2,4,17,2,3,44,2
"101",1,3,1,2073,1,4,6,2,4,7,1,3,37,1
"102",1,3,2,2956,1,3,1,0,1,1,1,3,32,2
"103",2,3,1,2926,4,3,6,0,1,1,1,2,20,1
"104",2,3,2,4809,3,3,6,10,1,16,2,3,34,2
"105",1,4,2,5163,4,3,2,0,5,17,2,2,37,2
"106",2,3,2,18844,4,4,2,2,9,30,5,2,59,2
"107",2,2,1,18172,2,3,1,7,3,28,5,3,50,2
"108",1,3,1,5744,3,3,5,3,1,6,2,2,25,1
"109",1,3,2,2889,4,3,7,1,1,2,1,2,25,2
"110",2,3,2,2871,4,3,15,0,1,1,1,3,22,2
"111",2,2,2,7484,1,4,1,8,3,23,3,2,51,2
"112",1,3,1,6074,3,4,7,6,1,9,2,1,34,1
"113",2,3,1,17328,4,3,26,4,2,23,4,4,54,2
"114",1,3,2,2774,3,3,18,2,0,6,1,3,24,2
"115",2,3,2,4505,2,3,6,0,6,12,2,2,34,2
"116",1,3,2,7428,4,3,3,3,2,12,3,3,37,2
"117",2,3,2,11631,1,3,5,8,2,14,3,2,34,2
"118",2,3,2,9738,4,3,11,8,0,10,3,3,36,2
"119",2,3,2,2835,4,4,3,0,5,7,1,3,36,2
"120",1,4,1,16959,4,3,26,12,1,25,4,3,43,2
"121",1,2,2,2613,3,4,23,9,1,10,1,1,30,2
"122",1,4,2,6146,2,3,22,7,0,8,2,3,33,2
"123",2,3,1,4963,2,3,14,3,9,7,1,3,56,1
"124",1,3,2,19537,3,3,6,15,7,23,5,3,51,2
"125",1,2,1,6172,3,3,6,7,4,12,2,1,31,1
"126",2,2,2,2368,2,3,6,3,1,5,1,2,26,2
"127",2,2,2,10312,4,3,23,6,1,40,3,3,58,1
"128",1,2,1,1675,3,3,22,0,1,0,1,3,19,1
"129",1,3,2,2523,4,3,2,1,0,3,1,3,22,2
"130",2,2,2,6567,1,3,20,11,1,16,2,3,49,2
"131",2,3,2,4739,3,3,28,2,4,18,1,4,43,2
"132",2,3,2,9208,4,3,12,1,4,16,3,3,50,2
"133",2,3,1,4559,3,3,20,2,3,4,2,1,31,1
"134",1,3,1,8189,3,3,9,7,3,12,3,3,41,2
"135",2,3,2,2942,3,4,25,7,1,8,1,3,26,2
"136",1,3,2,4941,2,4,6,1,6,7,2,3,36,2
"137",1,3,2,10650,4,3,8,3,2,18,3,1,51,1
"138",2,4,2,5902,3,3,4,9,4,17,2,2,39,2
"139",1,3,2,8639,3,3,28,2,2,6,2,2,25,2
"140",1,1,1,6347,4,3,9,7,0,12,2,3,30,2
"141",2,4,2,4200,1,4,9,4,7,10,1,3,32,1
"142",1,2,2,3452,4,3,29,3,5,9,1,3,45,2
"143",2,3,1,4317,3,4,3,2,3,19,2,3,38,2
"144",2,2,2,2632,3,3,18,4,1,5,1,3,30,2
"145",1,4,2,4668,4,3,9,7,0,9,2,1,32,2
"146",2,3,2,3204,1,3,5,2,5,8,1,3,30,2
"147",1,3,2,2720,4,3,2,2,0,6,1,2,30,2
"148",1,2,2,17181,1,3,10,7,4,21,4,2,41,2
"149",1,3,2,2238,1,4,9,4,2,7,1,3,41,2
"150",2,3,2,1483,2,3,3,0,1,1,1,3,19,2
"151",2,3,2,5605,2,3,26,13,1,20,2,3,40,2
"152",1,3,2,7295,2,3,1,6,1,10,3,3,35,2
"153",1,1,1,2306,3,4,6,5,2,13,2,3,53,2
"154",1,1,2,2348,2,3,9,15,8,20,2,3,45,2
"155",2,3,2,8998,4,3,8,7,1,9,3,3,32,2
"156",1,3,2,4319,3,3,1,9,1,10,2,3,29,2
"157",1,3,2,6132,3,3,7,0,2,10,2,2,51,2
"158",2,2,1,3346,2,4,9,0,4,9,1,2,58,2
"159",1,2,2,10855,4,3,4,11,7,15,3,2,40,2
"160",2,3,2,2231,3,3,2,2,6,6,1,3,34,2
"161",1,3,2,2323,4,4,19,2,1,2,1,3,22,2
"162",1,1,2,2024,2,3,9,2,6,6,1,3,27,2
"163",1,1,2,2713,4,3,21,2,1,5,1,3,28,2
"164",1,1,1,9439,4,3,24,4,3,12,3,4,57,2
"165",1,2,1,2566,3,3,3,1,1,1,1,2,27,2
"166",2,3,2,19926,2,3,11,4,3,21,5,3,50,2
"167",1,3,2,2451,3,3,14,8,4,13,1,3,41,2
"168",2,3,2,9419,4,3,5,4,2,12,3,3,30,2
"169",2,4,2,8686,4,4,1,7,4,12,2,2,38,2
"170",1,3,2,3038,3,4,6,4,3,8,1,3,32,2
"171",1,2,1,3058,2,3,17,1,0,6,1,3,27,2
"172",2,4,2,2325,1,4,1,0,0,1,1,1,19,1
"173",1,2,2,2088,2,3,3,2,4,13,1,3,36,2
"174",1,3,2,3072,1,3,9,10,1,12,2,3,30,2
"175",2,4,1,5006,1,3,4,3,4,9,2,3,45,2
"176",2,3,1,4257,1,3,8,2,4,19,1,3,56,2
"177",1,4,2,2500,4,3,2,2,0,4,1,3,33,2
"178",1,2,2,1102,4,4,2,0,1,1,1,2,19,1
"179",2,3,2,10453,1,4,1,7,1,24,3,3,46,2
"180",2,3,2,2288,4,3,9,1,1,2,1,3,38,2
"181",2,3,1,3929,4,4,12,2,8,7,1,3,31,2
"182",2,3,2,2311,2,3,27,2,2,9,1,3,34,2
"183",2,2,1,3140,2,4,20,2,1,4,1,3,41,1
"184",1,2,2,3690,3,3,1,2,2,5,1,2,50,2
"185",2,3,2,4450,1,3,13,3,1,5,2,4,53,2
"186",2,3,2,2756,2,3,14,6,1,8,1,3,33,2
"187",2,3,2,19033,3,3,4,9,1,21,5,3,40,2
"188",1,3,2,18722,2,3,14,15,8,36,5,4,55,2
"189",1,2,2,9547,3,3,2,9,1,10,2,2,34,2
"190",2,3,2,13734,2,3,3,0,3,21,4,3,51,2
"191",1,3,2,19999,3,3,1,9,0,34,5,2,52,2
"192",2,2,2,2279,2,3,9,3,1,7,1,3,27,2
"193",1,3,1,5916,3,3,23,1,3,8,2,2,35,1
"194",1,4,2,2089,4,3,7,2,4,7,1,4,43,2
"195",1,3,2,16792,4,4,2,8,9,22,4,2,45,2
"196",1,2,1,3564,1,3,21,7,1,8,1,4,37,2
"197",2,3,2,4425,2,3,2,2,5,10,2,3,35,2
"198",2,3,2,5265,3,3,21,2,2,11,2,3,42,2
"199",1,3,2,6553,3,3,2,0,9,14,2,3,38,2
"200",1,1,2,6261,4,3,29,7,3,9,2,3,38,2
"201",1,3,2,4298,1,3,1,0,5,6,2,2,27,2
"202",1,3,1,6804,4,3,18,7,1,7,2,3,49,2
"203",1,4,1,3815,3,3,10,0,1,5,1,3,34,2
"204",1,4,1,2741,4,3,19,7,8,15,2,3,40,2
"205",1,3,1,6673,1,3,29,0,7,17,2,3,38,1
"206",2,2,2,7639,4,4,27,9,1,10,3,3,29,1
"207",1,2,1,2328,2,3,5,2,1,4,1,4,22,2
"208",2,3,2,2153,4,3,18,7,1,8,1,3,36,2
"209",1,1,2,4876,4,3,9,2,9,5,2,2,40,2
"210",1,3,2,9396,1,3,1,3,7,17,3,3,46,2
"211",1,2,2,10400,4,3,4,8,1,14,3,1,32,1
"212",1,3,2,8474,3,4,1,8,1,12,3,2,30,2
"213",2,3,2,9981,3,3,20,7,1,7,2,3,27,2
"214",1,1,2,12490,2,3,8,7,5,16,3,2,51,2
"215",2,3,1,2657,1,3,3,4,5,8,1,3,30,1
"216",2,3,1,13591,4,3,6,0,3,16,3,3,41,2
"217",2,2,2,6696,1,3,26,1,5,9,2,2,30,1
"218",1,2,2,2058,3,3,1,5,0,7,1,3,29,1
"219",2,3,2,8865,4,3,6,8,6,23,3,2,45,2
"220",2,3,2,5940,1,3,3,5,2,16,2,3,54,2
"221",1,4,2,5914,2,3,5,7,8,16,2,3,36,2
"222",2,3,2,2622,2,4,4,1,6,7,1,2,33,2
"223",1,3,1,12185,4,3,11,7,1,10,3,3,37,2
"224",1,2,2,10609,3,3,3,13,0,17,3,3,38,2
"225",1,3,2,4345,3,3,1,4,0,6,2,1,31,2
"226",1,3,2,2177,4,3,3,0,3,7,1,2,59,2
"227",1,3,2,2793,4,3,4,8,4,13,1,3,37,2
"228",2,3,2,7918,4,3,1,1,1,11,3,3,29,2
"229",2,4,2,8789,3,3,1,8,1,10,3,3,35,2
"230",1,2,1,2389,4,3,18,1,1,4,1,2,29,1
"231",2,2,2,3212,4,3,2,2,7,6,1,2,52,2
"232",1,3,2,19232,4,3,4,15,1,22,5,3,42,2
"233",1,2,2,2267,3,3,6,2,8,7,1,3,59,2
"234",2,2,2,19517,4,3,1,6,3,32,5,3,50,2
"235",1,1,1,2436,4,3,14,4,5,8,1,3,33,1
"236",2,3,1,16064,4,4,16,9,5,22,4,3,43,2
"237",2,4,2,2707,1,4,2,7,7,13,1,3,33,1
"238",1,4,1,19068,3,3,2,12,1,33,5,2,52,2
"239",2,3,2,3931,2,3,4,2,2,6,1,3,32,2
"240",1,1,1,3730,3,3,1,2,0,4,1,2,32,1
"241",2,3,2,2232,3,3,1,2,7,7,1,3,39,2
"242",1,3,2,4465,4,3,26,2,0,4,2,3,32,2
"243",1,2,2,3072,1,3,19,0,2,17,2,3,41,2
"244",1,3,2,3319,4,3,24,7,1,9,2,3,40,2
"245",1,3,2,19202,4,3,1,7,0,25,5,4,45,2
"246",1,3,2,13675,3,3,3,2,9,9,3,3,31,2
"247",2,2,2,2911,4,3,5,2,1,2,1,2,33,2
"248",1,3,2,5957,1,3,2,9,6,13,2,2,34,2
"249",2,2,2,3920,1,3,1,2,2,17,1,2,37,2
"250",1,3,2,6434,3,3,7,2,4,9,2,4,45,2
"251",1,3,2,10048,3,3,10,0,6,17,3,3,37,1
"252",2,3,2,10938,3,4,2,8,0,20,3,3,39,2
"253",1,3,2,2340,4,3,15,5,1,6,1,3,29,2
"254",2,3,1,6545,1,3,17,2,3,10,2,4,42,2
"255",1,3,2,6931,4,3,20,2,2,10,2,3,29,2
"256",2,3,2,4898,3,3,1,2,0,5,2,3,25,2
"257",2,3,1,2593,1,3,2,8,0,10,1,2,42,2
"258",1,3,2,19436,3,3,2,9,0,22,5,3,40,2
"259",1,2,2,2723,4,3,1,0,1,1,1,3,51,2
"260",1,4,2,3479,2,3,29,4,0,6,1,2,31,1
"261",1,1,2,2794,2,4,7,3,1,5,1,4,32,2
"262",1,3,2,5249,4,3,2,5,3,13,2,2,38,2
"263",1,3,2,2176,1,3,2,4,4,9,2,2,32,2
"264",2,2,1,16872,2,3,2,7,3,28,4,1,46,2
"265",1,1,2,3485,3,3,2,0,2,5,1,3,28,1
"266",1,3,2,6644,2,3,2,0,2,10,2,2,29,2
"267",1,3,2,5582,4,4,23,8,0,10,2,2,31,2
"268",1,3,2,4000,1,3,5,5,1,6,2,4,25,2
"269",1,3,1,13496,4,3,20,10,0,21,4,3,45,2
"270",1,3,2,3210,4,3,6,11,0,16,1,3,36,2
"271",1,3,1,19045,1,3,1,13,0,37,5,3,55,2
"272",1,2,1,11849,2,3,29,9,1,10,3,3,47,1
"273",1,2,2,2070,4,4,9,4,1,5,1,3,28,2
"274",1,4,2,6502,4,3,6,1,4,7,2,3,37,2
"275",1,4,2,3230,3,3,3,0,1,3,1,2,21,2
"276",2,3,1,13603,4,3,1,2,2,15,3,3,37,2
"277",2,2,2,11996,2,3,22,2,7,10,3,4,35,2
"278",2,3,1,5605,1,4,7,7,1,8,2,4,38,2
"279",2,1,2,6397,2,4,1,4,1,6,2,3,26,2
"280",1,2,2,19144,2,3,4,6,3,28,5,3,50,2
"281",1,2,1,17584,3,3,3,3,3,21,4,3,53,2
"282",1,3,2,4907,3,4,1,6,1,20,2,3,42,2
"283",1,2,2,4554,4,3,2,9,1,10,2,3,29,2
"284",1,3,1,5415,4,3,20,8,3,12,2,3,55,2
"285",1,3,1,4741,1,3,11,3,1,5,2,3,26,2
"286",2,3,2,2115,4,3,1,7,1,17,1,3,37,2
"287",1,1,1,3161,3,4,24,0,3,19,1,3,44,1
"288",1,3,2,5745,4,3,23,2,9,10,2,3,38,2
"289",1,3,1,2373,2,3,16,2,2,5,1,3,26,1
"290",2,3,2,3310,4,4,8,2,1,5,1,3,28,2
"291",2,3,1,18665,1,3,10,2,9,22,5,3,49,2
"292",1,3,2,4485,2,3,3,7,4,10,2,3,36,2
"293",2,2,2,2789,2,3,5,2,1,2,1,3,31,2
"294",1,3,1,5828,4,3,4,4,1,8,2,2,26,1
"295",1,2,1,2326,4,3,9,2,1,4,1,3,37,2
"296",2,4,2,13525,2,3,26,8,5,23,4,3,42,2
"297",1,3,2,1420,3,3,3,0,1,0,1,3,18,1
"298",1,2,2,8020,2,3,16,9,0,12,3,3,35,2
"299",1,3,2,3688,4,3,18,0,4,4,1,4,36,2
"300",1,3,2,5482,2,3,2,2,5,13,2,1,51,2
"301",1,3,2,16015,2,3,2,4,1,22,4,3,41,2
"302",2,3,2,1200,3,3,10,0,1,0,1,2,18,2
"303",1,3,2,5661,1,3,16,7,0,9,2,4,28,2
"304",1,2,2,6929,4,3,7,7,4,10,2,4,31,2
"305",1,2,2,9613,4,3,1,7,0,19,3,4,39,2
"306",2,3,2,5674,2,3,24,8,7,11,2,3,36,2
"307",1,2,2,5484,3,3,7,8,1,13,2,2,32,2
"308",2,3,2,12061,2,3,25,1,3,19,3,2,38,2
"309",1,3,1,5660,3,3,1,2,2,12,2,1,58,2
"310",1,3,1,4821,4,3,5,3,0,6,1,3,31,2
"311",1,3,2,6410,1,3,2,0,3,9,2,2,31,2
"312",1,3,2,5210,1,3,7,11,1,24,3,3,45,2
"313",1,1,1,2695,4,3,2,2,0,3,1,3,31,2
"314",2,3,2,11878,2,3,5,8,6,12,3,3,33,2
"315",1,3,1,17068,1,3,10,10,1,21,4,3,39,2
"316",2,3,2,2455,4,3,10,7,0,9,1,3,43,2
"317",2,3,1,13964,3,3,1,7,7,25,4,2,49,2
"318",1,2,2,4941,2,3,8,7,2,11,2,2,52,1
"319",2,2,1,2478,2,3,5,2,1,4,1,3,27,2
"320",2,3,1,5228,2,3,8,9,1,13,2,2,32,2
"321",1,3,1,4478,3,3,2,4,1,5,2,3,27,2
"322",1,3,2,7547,4,3,7,7,4,13,2,3,31,2
"323",2,2,2,5055,4,3,2,7,7,10,2,4,32,2
"324",1,2,1,3464,4,3,2,2,5,5,1,1,28,1
"325",2,3,2,5775,4,3,28,9,1,11,2,3,30,2
"326",2,3,2,8943,3,4,7,9,1,10,3,2,31,2
"327",1,3,2,19272,4,3,7,3,1,21,5,2,39,2
"328",2,2,1,5238,3,3,3,0,4,12,2,3,39,1
"329",1,2,2,4682,4,3,10,1,3,9,2,2,33,2
"330",1,3,2,18300,3,3,5,1,4,21,5,3,47,2
"331",2,4,2,5257,3,3,10,0,1,9,2,2,43,2
"332",1,3,1,6349,2,3,1,4,0,6,2,3,27,2
"333",2,2,2,4869,3,3,20,3,3,20,2,3,54,2
"334",2,2,2,9985,1,3,7,0,8,10,3,3,43,2
"335",1,3,2,3697,4,3,8,8,9,12,2,3,45,2
"336",1,2,1,7457,4,4,1,2,2,6,2,1,40,2
"337",1,2,1,2119,1,3,8,7,1,7,1,1,29,1
"338",1,3,2,3983,4,3,9,2,0,4,1,2,29,2
"339",2,3,2,6118,3,3,5,2,1,10,2,2,30,2
"340",2,3,2,6214,2,3,8,7,1,8,2,3,27,2
"341",1,2,2,6347,4,3,5,4,7,8,2,3,37,2
"342",1,3,1,11510,4,3,15,9,0,12,3,2,38,2
"343",2,2,1,7143,4,3,7,10,1,11,3,3,31,2
"344",2,3,1,8268,2,3,10,7,1,7,2,2,29,2
"345",1,3,2,8095,2,3,5,13,0,17,3,3,35,2
"346",1,2,2,2904,4,3,26,2,1,4,1,3,23,2
"347",1,3,1,6032,2,3,6,2,6,8,2,2,41,2
"348",1,3,2,2976,3,3,4,0,3,5,2,3,47,2
"349",2,3,2,15992,4,3,23,0,2,16,4,3,42,2
"350",1,2,2,4649,3,3,2,2,1,4,2,3,29,2
"351",1,3,1,2696,3,3,2,0,0,4,1,3,42,2
"352",2,3,2,2370,2,3,2,7,1,8,1,3,32,2
"353",2,1,2,12504,3,4,29,0,3,15,3,3,48,2
"354",1,3,1,5974,1,3,6,7,4,13,2,4,37,2
"355",2,4,1,4736,3,3,25,2,7,4,2,3,30,2
"356",1,3,2,5296,3,3,1,7,1,8,2,3,26,2
"357",1,3,2,6781,4,4,2,0,3,14,2,2,42,2
"358",2,3,1,2174,2,3,1,2,1,3,1,2,21,1
"359",2,3,2,6653,4,3,1,0,4,7,2,3,36,2
"360",1,3,2,9699,4,3,3,12,4,16,3,2,36,2
"361",1,3,2,6755,3,3,1,2,2,15,2,3,57,2
"362",2,3,1,2213,3,3,10,7,3,10,1,4,40,2
"363",1,2,2,2610,4,4,9,2,1,3,1,3,21,2
"364",2,3,1,2851,3,3,5,0,1,1,1,3,33,1
"365",2,3,2,3452,1,4,10,3,6,17,1,3,37,2
"366",2,4,2,5258,3,3,7,0,2,7,2,3,46,2
"367",1,3,2,9355,2,3,4,7,1,8,2,3,41,1
"368",1,3,2,10496,4,3,10,3,6,20,3,2,50,2
"369",1,3,1,6380,3,3,22,0,2,8,2,2,40,1
"370",1,3,1,2657,2,3,9,2,0,3,1,2,31,2
"371",2,3,2,2716,2,3,12,0,1,1,1,4,21,1
"372",1,3,2,2201,4,3,23,2,9,6,1,3,29,2
"373",1,3,2,6540,2,3,9,0,9,10,2,2,35,2
"374",1,3,2,3816,2,3,1,4,1,5,1,3,27,2
"375",1,3,2,5253,4,3,9,7,1,7,2,3,28,2
"376",1,3,2,10965,3,4,7,0,8,26,3,2,49,2
"377",2,2,2,4936,4,3,14,7,4,18,2,3,51,2
"378",2,3,2,2543,3,3,2,2,4,6,1,3,36,2
"379",1,2,1,5304,4,3,19,4,8,9,2,4,34,1
"380",2,3,1,16659,4,3,2,2,2,30,4,3,55,2
"381",2,4,1,4260,3,3,10,3,1,5,2,3,24,2
"382",1,3,2,2476,2,3,2,0,1,1,1,3,30,2
"383",1,3,2,3102,1,4,3,4,0,7,1,3,26,1
"384",2,3,2,2244,2,3,11,2,1,2,1,3,22,2
"385",1,3,2,7596,3,3,2,0,1,10,3,2,36,2
"386",1,3,1,2285,4,4,4,0,9,3,1,3,30,1
"387",2,2,2,3034,1,3,14,17,1,18,1,3,37,2
"388",2,3,2,5715,2,3,2,3,7,8,2,3,40,2
"389",2,3,2,2576,1,3,1,2,3,8,1,3,42,2
"390",1,2,1,4197,2,3,10,1,2,18,2,3,37,2
"391",1,3,2,14336,2,3,12,9,1,25,4,2,43,2
"392",2,3,2,3448,3,4,2,0,6,20,2,2,40,2
"393",1,2,2,19406,1,3,5,2,4,24,5,3,54,2
"394",2,3,2,6538,3,3,4,2,9,6,2,3,34,2
"395",2,1,2,4306,1,3,7,12,1,13,2,3,31,2
"396",1,3,2,2258,4,4,21,2,7,8,1,3,43,2
"397",2,3,1,4522,3,3,8,2,4,8,2,3,43,2
"398",2,3,1,4487,4,3,4,3,1,5,2,2,25,2
"399",2,3,1,4449,3,3,25,7,3,15,2,3,37,2
"400",1,3,2,2218,1,3,1,2,1,4,1,2,31,2
"401",1,3,1,19197,3,3,1,6,1,21,5,3,39,2
"402",2,2,2,13212,1,3,6,7,9,36,4,4,56,2
"403",2,3,2,6577,3,3,12,4,0,6,2,3,30,2
"404",1,3,2,8392,1,3,1,7,1,10,3,4,41,2
"405",1,3,2,4558,1,3,17,8,1,10,2,3,28,2
"406",1,3,2,4031,1,3,3,2,5,6,1,3,25,1
"407",1,3,1,7969,3,3,3,4,2,28,3,2,52,2
"408",1,2,2,2654,4,4,10,2,3,8,1,3,45,2
"409",2,1,2,16555,4,3,4,4,2,31,4,3,52,2
"410",2,3,2,4556,3,3,29,2,2,19,2,3,42,2
"411",2,3,2,6091,4,4,2,2,2,11,2,1,30,2
"412",2,1,2,19566,1,3,7,10,5,33,5,3,60,2
"413",2,2,2,4810,3,3,18,8,2,19,2,3,46,2
"414",2,4,2,4523,4,3,28,4,0,7,2,2,42,2
"415",2,3,1,3202,2,3,1,4,1,6,1,3,24,1
"416",2,2,2,2351,3,3,6,0,0,3,1,1,34,1
"417",1,3,1,1702,4,4,2,0,1,1,1,3,38,2
"418",2,3,2,18041,3,3,2,12,0,21,5,3,40,2
"419",2,1,2,2886,4,4,23,2,1,3,1,3,26,2
"420",1,1,2,2097,4,3,3,4,4,9,1,3,30,2
"421",1,3,2,11935,3,3,3,7,1,10,3,2,29,2
"422",2,4,2,2546,2,3,25,1,5,6,1,2,29,1
"423",1,4,2,2564,4,3,2,0,1,1,1,2,19,1
"424",2,3,2,8412,1,3,22,8,0,10,3,3,30,2
"425",1,2,2,14118,4,3,29,0,3,32,4,2,57,2
"426",1,3,2,17046,3,3,29,7,0,28,4,2,50,2
"427",2,2,2,2564,4,3,2,7,0,12,1,3,30,2
"428",2,4,2,10266,1,3,28,11,4,22,3,2,60,2
"429",2,3,2,5070,4,3,2,4,5,20,2,3,47,2
"430",1,1,2,17861,3,3,2,1,6,26,4,3,46,2
"431",1,3,2,4230,3,3,22,3,0,6,1,1,35,2
"432",2,3,2,3780,3,3,8,0,7,19,2,3,54,2
"433",1,3,2,2768,3,3,2,7,3,14,1,2,34,2
"434",2,3,1,9071,4,3,10,2,2,15,3,2,46,2
"435",1,4,2,10648,2,4,9,8,1,13,3,3,31,2
"436",1,4,1,13610,3,3,15,7,7,15,3,3,33,1
"437",1,3,2,3408,4,3,10,3,7,8,1,1,33,1
"438",1,3,2,2983,2,3,7,2,0,4,1,3,30,2
"439",1,3,1,7632,3,3,16,0,4,10,3,3,35,2
"440",1,3,2,9824,3,3,20,0,3,12,3,3,31,1
"441",2,3,1,9950,1,3,23,2,9,11,3,3,34,1
"442",1,3,2,2093,3,3,5,0,4,8,1,3,42,2
"443",1,2,2,9980,4,3,10,7,1,10,3,3,36,2
"444",1,3,2,3894,3,3,4,2,5,4,1,2,22,1
"445",2,3,2,4051,4,3,2,7,2,14,2,3,48,2
"446",2,3,2,16835,2,4,18,7,3,37,4,3,55,2
"447",1,3,2,6230,4,3,10,10,7,16,2,3,41,2
"448",1,3,2,4717,3,3,1,9,9,15,2,3,35,2
"449",2,3,2,13237,3,3,6,13,7,22,4,3,40,2
"450",2,3,2,3755,3,3,8,7,1,8,1,3,39,2
"451",1,4,1,6582,4,3,2,5,4,10,2,3,31,2
"452",1,2,1,7406,1,4,24,8,1,10,3,3,42,2
"453",1,4,2,4805,2,3,2,7,0,9,2,3,45,2
"454",2,2,1,2741,3,3,17,0,0,8,1,3,26,1
"455",1,4,2,4262,4,3,19,2,4,8,2,3,29,2
"456",2,3,2,16184,3,3,1,5,4,10,4,4,33,2
"457",1,2,2,11557,4,4,7,1,9,10,3,2,31,2
"458",1,3,1,1878,2,3,5,0,1,0,1,3,18,1
"459",1,3,2,10932,1,3,28,1,3,20,3,1,40,2
"460",2,3,1,6811,3,3,2,7,2,10,2,2,41,2
"461",1,3,2,4306,3,3,29,0,5,8,2,3,26,2
"462",2,3,2,4859,3,3,1,3,1,5,2,3,35,2
"463",1,3,2,5337,4,3,21,7,1,10,2,4,34,2
"464",1,1,1,2340,4,3,24,0,1,1,1,1,26,1
"465",2,4,2,7491,4,3,1,2,4,12,3,3,37,2
"466",2,2,2,10527,3,3,18,2,5,28,3,3,46,2
"467",2,3,2,16595,1,3,2,8,7,22,4,3,41,2
"468",1,3,2,8834,2,3,9,7,1,9,3,3,37,2
"469",1,3,1,5577,1,3,6,9,3,18,2,3,52,2
"470",1,3,2,4707,3,3,11,2,8,6,2,4,32,1
"471",1,3,2,2400,4,3,24,1,0,3,1,3,24,2
"472",2,3,2,9824,3,3,10,0,3,18,2,3,38,2
"473",2,2,2,6447,2,3,1,3,6,8,2,3,37,2
"474",1,3,1,19502,3,3,18,9,1,31,5,2,49,2
"475",1,3,1,2725,4,3,23,4,1,6,1,4,24,2
"476",1,4,2,6272,2,4,28,4,1,6,2,3,26,2
"477",1,3,2,2127,2,4,17,0,1,1,1,2,24,2
"478",1,3,2,18200,2,3,3,7,1,32,5,3,50,2
"479",1,3,2,2096,3,3,13,6,1,7,1,3,25,2
"480",2,3,1,2886,3,3,7,2,1,6,1,3,24,1
"481",1,4,2,2033,1,3,12,0,1,1,1,2,30,1
"482",1,3,1,3622,4,3,1,3,1,6,1,2,34,2
"483",1,1,2,4233,1,3,13,2,2,9,2,3,31,1
"484",1,3,2,3681,4,3,25,2,4,9,2,2,35,2
"485",1,4,2,5460,4,4,6,7,4,13,2,4,31,2
"486",2,2,2,2187,3,3,6,3,0,6,1,2,27,2
"487",1,2,1,9602,3,3,2,0,4,17,2,3,37,2
"488",2,4,2,2836,2,3,1,0,1,1,1,2,20,2
"489",2,3,2,4089,4,3,2,2,1,10,2,3,42,2
"490",1,2,1,16627,4,3,6,0,4,21,4,2,43,2
"491",2,2,2,2619,1,3,1,0,3,8,1,3,38,2
"492",1,3,1,5679,3,3,9,7,3,10,2,3,43,2
"493",2,1,2,15402,1,3,1,2,7,21,4,2,48,2
"494",2,4,2,5985,3,3,1,2,4,10,2,2,44,2
"495",2,3,1,2579,3,3,14,6,1,8,1,3,34,2
"496",1,3,2,3041,1,3,2,2,0,5,1,3,27,1
"497",1,3,2,3447,3,3,22,2,1,3,1,3,21,2
"498",1,4,1,19513,4,3,3,1,4,26,5,3,44,2
"499",1,3,2,2773,3,4,6,2,0,3,1,3,22,2
"500",1,3,2,7104,3,3,8,2,0,6,2,3,33,2
"501",2,2,1,6322,4,3,9,5,1,6,2,3,32,2
"502",2,3,2,2083,3,4,3,0,1,1,1,3,30,2
"503",2,4,2,8381,1,4,1,10,7,18,2,3,53,2
"504",1,2,2,2691,4,3,1,8,1,10,1,3,34,2
"505",2,3,2,4286,1,3,26,0,2,5,2,3,45,1
"506",2,3,1,2659,4,3,6,2,1,3,1,3,26,2
"507",1,3,2,9434,3,3,3,8,1,10,3,3,37,2
"508",2,2,2,5561,3,3,3,2,1,6,2,3,29,2
"509",1,3,2,6646,4,3,6,8,1,17,2,1,35,2
"510",1,1,2,7725,4,4,6,7,3,15,2,3,33,2
"511",1,4,2,10725,2,3,19,1,2,16,3,3,54,2
"512",1,3,1,8847,2,3,9,2,2,13,2,2,36,2
"513",1,3,2,2045,4,3,3,1,0,5,1,2,27,2
"514",1,3,1,1009,3,3,10,1,1,1,1,3,20,1
"515",1,3,1,3348,1,3,3,7,1,10,1,3,33,1
"516",1,3,2,1281,3,3,3,0,1,1,1,2,35,2
"517",1,4,2,2819,1,3,4,2,2,5,1,4,23,2
"518",1,3,2,4851,2,4,8,2,0,4,2,4,25,2
"519",2,3,2,4028,4,4,7,5,0,8,2,2,38,2
"520",1,3,2,2720,4,3,1,8,1,10,1,1,29,2
"521",1,3,2,8120,2,3,2,2,3,12,2,4,48,2
"522",2,3,1,4647,4,4,3,4,1,6,2,4,27,2
"523",1,3,2,4680,4,3,10,0,3,4,1,4,37,2
"524",1,3,1,3221,3,3,28,8,1,20,1,4,50,2
"525",2,4,2,8621,2,3,9,7,1,9,3,2,34,2
"526",2,3,2,4577,3,3,3,0,9,4,2,3,24,1
"527",2,3,2,4553,3,3,2,10,1,20,2,2,39,2
"528",1,2,2,5396,4,3,10,8,1,10,2,3,32,2
"529",1,3,1,6796,3,3,8,3,3,18,2,3,50,1
"530",2,2,2,7625,4,3,1,8,0,10,2,4,38,2
"531",2,3,2,7412,1,3,1,7,1,9,3,3,27,2
"532",2,3,2,11159,4,3,3,7,3,10,3,3,32,2
"533",1,3,2,4960,1,3,14,7,2,20,2,3,47,2
"534",1,3,1,10475,1,4,5,12,5,20,3,2,40,2
"535",1,3,2,14814,3,3,7,3,3,32,4,4,53,2
"536",1,2,2,19141,4,3,10,6,3,23,5,2,41,2
"537",1,3,2,5405,1,3,16,2,8,10,2,3,60,2
"538",1,2,2,8793,1,4,10,7,1,9,3,3,27,2
"539",1,3,2,19189,3,3,1,10,1,22,5,2,41,2
"540",1,3,2,3875,2,3,8,2,7,4,1,3,50,2
"541",2,3,1,2216,2,3,1,7,7,10,1,1,28,1
"542",2,3,2,11713,1,3,8,5,9,10,3,4,36,2
"543",2,4,1,7861,3,3,1,0,4,10,3,3,38,2
"544",1,3,2,3708,3,3,24,4,2,9,1,1,44,2
"545",2,2,1,13770,3,3,3,13,9,28,4,3,47,2
"546",1,2,2,5304,4,4,27,7,7,10,2,3,30,2
"547",1,3,2,2642,3,3,10,0,1,1,1,3,29,2
"548",1,3,1,2759,3,3,19,2,6,7,1,4,42,1
"549",1,3,2,6804,4,3,15,2,3,7,2,2,43,2
"550",2,3,2,6142,3,3,8,3,3,10,2,3,34,2
"551",1,4,2,2500,1,3,9,2,1,5,1,3,23,2
"552",2,1,2,6389,2,3,3,6,9,12,2,4,39,2
"553",1,2,2,11103,4,3,9,1,7,30,4,3,56,2
"554",2,2,1,2342,4,4,2,3,0,5,1,2,40,2
"555",2,1,2,6811,1,3,7,7,8,9,2,2,27,2
"556",1,3,2,2297,2,3,10,2,1,2,1,3,29,2
"557",1,3,2,2450,4,3,6,2,2,19,2,3,53,2
"558",2,4,2,5093,1,3,2,0,2,16,2,3,35,2
"559",1,3,2,5309,4,3,24,7,1,10,2,3,32,2
"560",1,1,1,3057,3,3,2,1,6,6,1,3,38,2
"561",2,3,2,5121,1,3,8,0,3,7,2,3,34,2
"562",1,4,2,16856,1,3,3,16,1,34,4,2,52,2
"563",1,2,1,2686,4,3,1,8,1,10,1,3,33,1
"564",2,2,2,6180,4,4,26,4,1,6,2,3,25,2
"565",1,3,2,6632,3,3,2,1,0,9,2,1,45,2
"566",1,3,2,3505,3,3,10,2,1,2,1,4,23,2
"567",2,3,1,6397,3,3,27,3,4,8,2,4,47,1
"568",1,3,2,6274,4,4,2,4,1,6,2,3,34,2
"569",1,3,1,19859,1,3,2,4,5,24,5,3,55,1
"570",1,3,2,7587,1,3,8,9,1,10,3,2,36,2
"571",1,3,2,4258,4,3,19,2,0,5,1,3,52,2
"572",2,3,2,4364,4,3,1,0,3,5,1,1,26,2
"573",2,2,2,4335,3,3,27,1,4,11,2,3,29,2
"574",1,2,2,5326,1,3,8,2,6,6,2,2,26,1
"575",2,3,2,3280,4,3,1,3,2,10,1,4,34,2
"576",2,3,1,5485,1,3,19,4,9,9,2,3,54,2
"577",1,3,2,4342,4,3,8,1,0,5,2,3,27,2
"578",2,2,1,2782,1,3,10,3,0,6,1,3,37,2
"579",2,3,1,5980,1,3,2,12,6,17,2,4,38,2
"580",2,3,2,4381,1,3,2,3,1,6,1,2,34,2
"581",2,2,2,2572,4,3,8,2,1,3,1,3,35,2
"582",1,3,2,3833,3,4,1,2,3,7,1,1,30,2
"583",2,3,2,4244,2,4,2,7,1,8,2,4,40,2
"584",2,3,2,6500,1,3,8,2,5,6,2,3,34,2
"585",1,2,2,18430,4,3,8,9,1,24,5,3,42,2
"586",1,3,1,1601,1,4,6,0,1,1,1,4,23,1
"587",1,3,2,2694,2,3,9,0,1,1,1,2,24,2
"588",2,3,2,3149,3,4,11,4,8,9,2,3,52,2
"589",1,3,2,17639,3,3,2,3,5,30,4,3,50,2
"590",2,3,1,2319,1,3,1,0,1,1,1,2,29,1
"591",1,4,2,11691,3,3,7,7,0,14,3,3,33,2
"592",2,3,2,5324,1,3,16,2,5,6,2,3,33,1
"593",2,2,1,16752,4,3,2,0,1,26,4,3,47,2
"594",2,3,2,5228,2,3,1,5,0,10,2,3,36,2
"595",1,3,2,2700,3,4,23,7,1,10,1,4,29,2
"596",1,3,1,19246,2,3,2,8,7,40,5,3,58,1
"597",2,3,2,2506,3,3,1,2,3,7,1,4,35,2
"598",2,3,1,6062,4,3,1,2,9,8,2,2,42,2
"599",1,2,2,4382,3,3,2,1,6,5,1,3,28,1
"600",1,3,2,2143,2,3,13,4,4,8,1,3,36,2
"601",2,3,2,6162,3,3,4,8,1,14,2,2,32,2
"602",1,3,2,5094,3,3,16,0,6,10,2,2,40,2
"603",2,2,1,6877,4,4,2,0,5,12,2,2,30,2
"604",2,3,2,2274,3,3,2,0,1,1,1,2,45,2
"605",1,2,2,4434,2,3,29,8,1,10,2,3,42,2
"606",1,2,2,6288,1,3,12,2,2,13,2,2,38,2
"607",2,3,2,2553,4,3,16,3,1,6,1,2,34,2
"608",2,4,2,7654,4,3,11,7,1,9,3,3,49,1
"609",1,2,2,5160,4,3,2,3,4,12,2,3,55,1
"610",1,3,2,17159,1,4,14,0,6,22,4,3,43,2
"611",1,3,1,12808,4,3,5,8,1,9,3,2,27,2
"612",1,4,2,10221,3,4,7,6,3,17,3,3,35,2
"613",2,3,1,4779,2,4,2,5,1,8,2,3,28,2
"614",1,1,2,3737,4,3,3,2,0,4,1,3,34,2
"615",2,3,1,2366,3,3,5,7,1,8,1,2,26,1
"616",1,2,2,1706,4,3,3,0,1,0,1,3,27,2
"617",2,2,2,16307,3,3,26,17,2,29,4,3,51,2
"618",1,2,2,5933,2,3,4,3,9,10,2,3,44,2
"619",1,2,2,3424,1,3,2,1,7,6,1,4,25,2
"620",1,3,2,4037,1,4,1,8,1,9,2,4,33,2
"621",2,2,2,2559,1,3,27,1,1,6,1,2,35,2
"622",1,2,1,6201,4,3,1,11,1,18,2,3,36,2
"623",1,2,2,4403,4,3,13,3,2,8,2,3,32,2
"624",1,2,2,3761,4,3,5,3,9,10,1,2,30,2
"625",2,3,1,10934,4,3,7,4,7,35,3,2,53,2
"626",1,3,1,10761,1,3,9,2,4,18,3,3,45,2
"627",2,2,2,5175,3,3,8,3,5,9,2,4,32,2
"628",2,3,2,13826,4,4,25,0,3,31,4,2,52,2
"629",1,3,2,6334,3,3,16,0,4,9,2,2,37,2
"630",1,3,2,4936,4,3,8,4,1,6,1,2,28,2
"631",1,1,2,4775,4,4,1,2,6,4,2,2,22,2
"632",1,2,1,2818,4,4,8,2,2,10,1,4,44,2
"633",1,3,1,2515,4,3,2,2,5,8,1,3,42,2
"634",1,3,2,2342,1,4,8,3,0,6,1,2,36,2
"635",1,3,1,4194,1,3,3,3,1,5,2,3,25,2
"636",2,3,1,10685,3,4,9,15,1,17,3,2,35,2
"637",2,2,1,2022,2,3,25,8,1,10,1,3,35,1
"638",1,3,2,2314,4,3,1,2,0,4,1,3,32,2
"639",1,4,2,4256,1,3,4,3,1,5,2,2,25,2
"640",2,3,2,3580,1,3,1,2,2,7,1,3,49,2
"641",1,2,2,3162,4,3,4,4,0,6,1,2,24,2
"642",1,3,2,6524,2,3,5,3,1,10,2,3,32,2
"643",1,3,2,2899,2,3,9,2,0,3,1,2,38,2
"644",2,2,1,5231,4,3,3,3,2,17,2,4,42,2
"645",1,3,1,2356,4,3,11,2,3,8,1,3,31,2
"646",2,3,1,2800,3,3,1,2,6,5,1,2,29,1
"647",1,3,2,11836,4,3,8,2,5,28,4,3,53,2
"648",1,3,2,10903,2,3,25,8,3,16,3,2,35,2
"649",2,3,2,2973,4,3,21,0,5,10,1,3,37,2
"650",2,3,2,14275,4,3,23,8,6,33,4,3,53,2
"651",2,2,2,5562,4,3,1,2,4,12,2,3,43,2
"652",2,3,1,4537,4,4,2,7,0,8,2,3,47,2
"653",1,3,1,7642,2,3,19,9,1,10,3,3,37,2
"654",1,3,2,17924,1,3,2,7,1,31,4,3,50,2
"655",2,3,2,5204,4,3,2,4,8,13,2,2,39,2
"656",1,4,1,2277,2,3,3,3,3,7,1,3,33,2
"657",1,1,1,2795,4,4,25,1,1,1,1,3,32,1
"658",2,3,2,2532,4,3,7,3,6,8,1,2,29,2
"659",1,3,1,2559,1,3,9,1,1,8,1,3,44,2
"660",1,3,2,4908,4,3,5,2,1,4,2,3,28,2
"661",1,2,1,2380,4,3,2,0,9,3,1,2,58,1
"662",2,4,2,4765,2,4,8,0,4,4,2,3,43,2
"663",2,2,2,2044,3,3,2,2,1,2,1,2,20,1
"664",2,2,2,2693,4,3,18,0,1,1,1,3,21,1
"665",1,2,1,6586,4,3,14,11,0,17,2,3,36,2
"666",2,2,1,3294,4,3,2,2,1,3,1,2,47,2
"667",2,4,1,4171,3,3,3,2,0,4,2,3,22,1
"668",2,2,1,2778,4,3,2,0,4,10,1,1,41,1
"669",2,3,2,2377,3,3,9,2,5,6,1,3,28,2
"670",1,1,1,2404,1,4,6,2,7,8,1,3,39,1
"671",2,3,2,2318,3,3,4,0,1,1,1,3,27,2
"672",1,3,2,2008,2,3,10,0,1,1,1,3,34,2
"673",2,3,2,6244,3,3,14,3,7,10,2,2,42,2
"674",1,3,1,2799,1,3,1,2,3,6,1,2,33,2
"675",2,3,1,10552,2,3,5,4,2,24,3,2,58,2
"676",1,4,2,2329,3,3,7,2,3,13,1,2,31,2
"677",2,1,1,4014,4,4,21,7,1,10,2,3,35,2
"678",2,2,2,7403,2,3,8,7,4,29,3,3,49,2
"679",1,2,2,2259,3,3,20,0,4,13,1,3,48,2
"680",2,2,2,6932,3,3,20,0,1,9,2,3,31,2
"681",1,3,2,4678,4,3,7,1,2,8,1,3,36,2
"682",2,3,2,13582,1,3,1,11,1,15,3,3,38,2
"683",2,3,2,2332,2,4,1,2,6,5,1,2,32,2
"684",1,3,1,2413,2,3,19,0,1,1,1,2,25,1
"685",1,2,2,9705,2,3,10,0,2,11,3,2,40,2
"686",1,3,2,4294,1,3,1,7,1,7,2,2,26,2
"687",1,3,1,4721,1,3,6,17,2,20,1,3,41,2
"688",1,3,2,2519,3,4,2,9,4,16,1,3,36,2
"689",1,4,1,2121,2,3,21,0,1,1,1,2,19,1
"690",1,3,2,2973,1,3,4,0,1,1,1,3,20,1
"691",2,1,1,5855,4,3,12,5,0,10,2,3,31,2
"692",1,3,1,3617,2,3,9,0,8,3,1,3,40,2
"693",2,4,2,6725,1,3,3,3,1,8,2,3,32,2
"694",1,3,1,10325,4,3,3,7,1,16,3,2,36,1
"695",2,3,2,6949,4,3,1,4,0,6,2,2,33,2
"696",1,1,2,10609,3,3,1,7,5,17,3,2,37,1
"697",1,2,2,4447,2,3,4,8,1,9,2,3,45,2
"698",2,3,2,2157,4,3,20,2,1,3,1,3,29,2
"699",2,3,2,4601,3,3,18,0,1,5,2,3,35,2
"700",1,2,2,17099,4,3,1,8,2,26,4,3,52,2
"701",1,3,2,2479,3,4,2,0,4,7,1,3,58,1
"702",1,4,2,14852,3,3,2,2,6,22,4,3,53,2
"703",1,4,2,7264,3,3,8,7,5,10,3,3,30,2
"704",2,3,1,5666,4,3,10,3,1,6,2,3,38,2
"705",1,3,2,7823,4,3,3,8,6,12,3,3,35,2
"706",1,3,2,7880,3,3,2,7,0,9,3,4,39,2
"707",2,2,1,13194,2,3,24,0,4,22,4,4,40,1
"708",1,4,1,5067,3,3,16,7,1,20,2,4,47,2
"709",1,3,2,5079,4,3,8,7,4,12,2,3,36,2
"710",1,3,1,2321,1,4,9,2,0,4,1,2,31,1
"711",1,3,2,17444,3,3,17,0,1,10,4,3,33,2
"712",2,3,1,2404,1,4,10,0,6,3,1,2,29,1
"713",2,3,2,3452,4,3,13,2,3,5,1,3,33,2
"714",2,3,2,2270,4,3,1,2,3,8,1,3,45,2
"715",1,2,2,17399,4,4,1,3,9,32,4,3,50,2
"716",2,3,1,5488,2,3,1,2,1,6,2,4,33,2
"717",1,4,2,19419,3,3,9,11,2,21,5,3,41,2
"718",2,3,2,2811,2,3,16,2,9,4,1,3,27,2
"719",1,3,1,3633,1,3,23,8,1,9,2,3,45,2
"720",2,3,1,4163,4,3,4,7,1,9,2,3,47,2
"721",2,3,1,2132,3,3,22,1,4,7,1,3,30,1
"722",1,3,1,13973,3,3,24,5,3,22,4,3,50,2
"723",1,2,2,2684,3,3,10,2,0,3,1,3,38,2
"724",1,3,2,10845,3,3,7,7,6,13,3,3,46,2
"725",2,3,2,4377,3,3,17,2,1,5,2,2,24,2
"726",1,1,1,3743,2,4,14,2,1,5,1,2,35,1
"727",2,3,2,4148,1,3,1,3,1,4,2,3,31,2
"728",1,3,2,1051,4,3,5,0,1,0,1,3,18,2
"729",2,3,2,10739,3,3,17,8,8,22,3,3,54,2
"730",2,2,1,10388,3,3,25,1,1,16,3,3,35,2
"731",2,2,1,11416,1,3,8,7,0,9,3,4,30,2
"732",2,3,1,2600,1,3,11,0,1,1,1,2,20,1
"733",2,3,2,2422,2,3,5,2,0,4,1,3,30,1
"734",1,3,2,5472,4,3,2,3,1,8,2,4,26,2
"735",1,2,2,2451,1,3,8,1,1,4,1,1,22,2
"736",1,3,2,4240,3,3,6,2,2,19,2,2,48,2
"737",1,3,2,10999,3,3,4,8,7,27,3,2,48,2
"738",2,3,2,5003,3,3,7,1,6,8,2,3,41,2
"739",2,3,2,12742,4,3,1,8,1,21,4,2,39,2
"740",2,3,2,4227,4,3,2,2,0,4,2,3,27,2
"741",1,2,2,3917,4,4,10,2,1,3,1,3,35,2
"742",1,4,2,18303,3,3,5,0,6,21,5,3,42,2
"743",1,3,2,2380,4,3,9,0,4,8,1,3,50,2
"744",2,3,1,13726,4,3,2,3,3,30,4,2,59,2
"745",2,1,2,4777,2,3,11,0,5,15,2,1,37,1
"746",1,3,1,6385,2,3,18,7,3,17,2,3,55,2
"747",2,3,2,19973,3,4,7,10,1,21,5,1,41,2
"748",1,3,1,6861,4,3,3,0,8,19,2,3,38,2
"749",1,3,2,4969,1,3,29,2,8,7,2,1,26,1
"750",2,3,2,19845,4,3,2,9,1,33,5,1,52,1
"751",2,3,1,13320,4,3,28,11,3,23,4,4,44,2
"752",2,3,2,6347,3,3,1,13,0,19,2,3,50,2
"753",2,3,2,2743,1,3,16,14,1,18,1,4,36,1
"754",2,3,1,10880,1,3,22,8,1,21,3,3,39,2
"755",2,2,2,2342,4,3,8,2,0,3,1,2,33,2
"756",2,4,2,17650,4,3,11,1,3,26,4,3,45,2
"757",2,3,2,4025,3,3,29,7,9,10,1,3,32,2
"758",1,2,2,9725,4,3,1,9,0,16,2,4,34,2
"759",1,1,1,11904,4,3,1,4,3,14,3,3,59,2
"760",1,3,2,2177,2,3,24,4,1,6,1,3,45,2
"761",2,3,2,7525,2,3,2,12,2,30,3,2,53,2
"762",1,2,2,4834,3,3,15,0,7,9,2,3,36,1
"763",1,3,1,2042,1,3,2,2,6,6,1,3,26,1
"764",2,3,1,2220,3,3,10,0,1,1,1,3,34,2
"765",1,3,2,1052,2,4,10,0,1,1,1,3,28,2
"766",1,3,2,2821,3,3,3,2,3,8,1,3,38,2
"767",1,2,1,19237,3,3,2,7,2,29,5,3,50,2
"768",2,2,2,4107,2,3,3,1,3,8,2,3,37,2
"769",1,2,2,8396,1,3,26,5,1,8,2,3,40,2
"770",2,3,2,2007,3,3,1,3,1,5,1,2,26,2
"771",1,3,2,19627,4,3,1,2,9,23,5,3,46,2
"772",2,3,2,10686,3,3,2,0,6,13,3,2,54,2
"773",2,3,2,2942,3,3,9,3,2,18,1,3,56,2
"774",2,2,2,8858,4,3,12,8,0,15,3,2,36,2
"775",1,4,2,16756,1,3,2,2,7,31,4,2,55,2
"776",1,3,2,10798,4,3,25,0,5,18,3,2,43,2
"777",2,3,1,2323,4,3,9,2,1,2,1,3,20,1
"778",2,2,2,1416,1,3,10,0,1,1,1,2,21,1
"779",2,3,1,4615,1,4,8,7,8,19,2,2,46,2
"780",1,4,1,2461,3,3,4,7,9,18,1,3,51,1
"781",1,2,2,8722,1,3,24,9,1,10,3,2,28,1
"782",1,3,2,3955,1,3,1,3,1,6,1,2,26,2
"783",1,2,2,9957,1,3,20,2,0,7,2,3,30,2
"784",2,3,2,3376,3,3,7,8,1,10,1,4,41,2
"785",2,2,2,8823,3,3,17,9,0,20,3,2,38,2
"786",1,3,2,10322,4,4,20,1,4,14,3,3,40,2
"787",1,3,2,4621,3,3,8,2,1,3,1,1,27,2
"788",1,3,2,10976,2,3,2,2,3,23,3,3,55,2
"789",2,4,2,3660,3,3,10,7,3,10,2,3,28,2
"790",1,3,2,10482,1,3,1,6,9,24,3,2,44,1
"791",1,3,2,7119,4,3,5,2,4,9,3,2,33,2
"792",1,3,1,9582,1,4,4,7,0,9,3,3,35,1
"793",2,3,2,4508,3,4,29,8,1,14,2,2,33,1
"794",1,2,2,2207,3,3,15,2,1,4,1,3,28,2
"795",1,2,2,7756,4,3,3,4,0,7,2,3,34,2
"796",2,3,1,6694,4,3,10,0,2,8,2,2,37,2
"797",1,4,1,3691,4,3,4,6,1,7,1,3,25,1
"798",1,2,2,2377,3,4,21,0,1,1,1,3,26,1
"799",1,3,1,2313,2,4,25,2,4,5,1,2,33,1
"800",1,3,2,17665,1,3,2,7,0,23,4,3,42,2
"801",1,3,2,2596,2,3,1,0,1,1,1,2,28,1
"802",1,3,1,4728,3,3,1,0,3,5,2,3,50,1
"803",2,3,2,4302,2,3,7,2,0,4,2,3,33,2
"804",1,3,2,2979,4,3,3,0,3,6,1,2,34,2
"805",1,2,2,16885,4,4,1,1,2,27,4,4,48,2
"806",2,3,2,5593,3,3,9,12,1,15,2,2,45,2
"807",1,3,2,10445,2,3,7,0,7,18,3,3,52,2
"808",1,3,1,8740,3,3,10,7,0,9,3,2,38,2
"809",2,3,2,2514,4,4,28,7,4,11,1,3,29,2
"810",2,2,2,7655,2,3,3,7,0,10,3,3,28,2
"811",1,3,2,17465,3,3,3,9,3,23,4,3,46,2
"812",1,3,2,7351,2,3,2,0,7,10,3,3,38,2
"813",2,3,2,10820,1,3,27,1,8,18,3,3,43,2
"814",1,3,2,12169,4,3,2,5,7,21,4,3,39,1
"815",1,4,2,19626,3,3,14,9,1,21,5,2,40,2
"816",2,4,1,2070,2,3,1,2,1,2,1,2,21,2
"817",1,2,2,6782,2,3,9,3,9,9,2,3,39,2
"818",1,3,2,7779,4,4,18,9,2,18,2,3,36,2
"819",1,3,2,2791,4,3,20,2,0,3,1,4,31,2
"820",1,1,2,3201,2,3,2,4,0,6,1,2,28,2
"821",1,3,2,4968,4,3,11,2,1,5,2,3,35,2
"822",1,3,2,13120,2,3,8,3,6,22,4,2,49,2
"823",1,2,2,4033,3,3,2,2,2,5,2,3,34,2
"824",2,2,2,3291,2,3,10,1,0,8,1,3,29,2
"825",1,3,2,4272,4,3,29,0,4,16,2,1,42,2
"826",1,2,1,5056,4,3,8,2,1,10,2,2,29,2
"827",1,4,2,2844,3,3,1,0,1,7,1,4,38,2
"828",1,3,1,2703,3,3,6,2,1,3,1,2,28,2
"829",1,3,2,1904,3,3,8,0,1,0,1,3,18,1
"830",2,3,1,8224,1,3,9,3,0,6,2,3,33,1
"831",1,3,1,4766,4,3,12,0,3,6,1,3,41,2
"832",1,2,2,2610,3,3,15,2,1,2,1,3,31,1
"833",2,3,2,5731,4,3,25,3,7,9,2,2,37,2
"834",1,3,2,2539,3,3,6,2,1,4,1,2,27,2
"835",2,2,2,5714,3,4,9,3,1,6,2,3,34,2
"836",1,1,2,4323,3,3,8,4,1,6,1,3,35,2
"837",2,1,2,7336,1,3,23,10,1,11,3,2,29,1
"838",2,2,2,13499,3,3,9,13,9,20,3,3,40,2
"839",1,2,1,13758,1,3,12,14,0,22,4,3,42,1
"840",1,4,2,5155,1,3,4,5,7,9,2,3,42,2
"841",1,3,2,2258,3,3,1,7,6,10,1,2,35,2
"842",1,3,2,3597,2,4,24,2,8,6,1,3,24,2
"843",2,2,1,2515,4,3,12,0,1,1,1,3,28,1
"844",1,3,2,4420,4,4,3,7,1,8,1,4,26,2
"845",1,3,2,6578,3,3,10,4,1,10,2,2,30,2
"846",2,1,1,4422,4,3,26,0,3,16,2,2,40,2
"847",1,4,2,10274,2,3,2,4,2,15,3,2,35,2
"848",1,3,2,5343,1,4,1,9,0,14,2,2,34,2
"849",1,4,2,2376,4,3,4,2,1,2,1,2,35,2
"850",2,2,2,5346,3,3,9,3,8,7,2,1,43,1
"851",2,3,2,2827,1,3,2,0,1,1,1,3,32,2
"852",2,3,2,19943,1,3,4,2,4,28,5,3,56,2
"853",2,3,2,3131,4,3,6,8,1,10,1,3,29,2
"854",1,3,2,2552,1,4,9,0,1,1,1,3,19,2
"855",2,2,1,4477,3,3,7,2,4,7,1,3,45,2
"856",2,2,2,6474,4,3,1,11,1,14,2,2,37,2
"857",1,2,2,3033,3,3,3,2,1,2,1,2,20,2
"858",1,3,1,2936,3,3,10,2,1,6,1,3,44,1
"859",2,3,2,18606,3,3,7,7,3,26,5,3,53,2
"860",2,2,1,2168,4,3,15,3,0,6,1,1,29,2
"861",1,3,1,2853,4,3,3,0,0,1,1,2,22,1
"862",2,3,2,17048,1,4,2,9,8,28,4,3,46,2
"863",1,3,2,2290,3,3,17,0,2,6,1,1,44,2
"864",1,3,2,3600,3,3,2,4,1,5,1,3,33,2
"865",1,1,2,2107,1,3,5,0,6,5,1,2,41,1
"866",1,3,2,4115,1,3,29,3,8,8,2,3,30,2
"867",1,3,2,4327,2,3,2,0,5,5,2,3,40,2
"868",2,3,2,17856,1,4,2,2,2,32,4,3,50,2
"869",1,3,2,3196,1,3,19,3,1,6,1,2,28,2
"870",1,3,2,19081,2,3,15,3,5,25,5,3,46,2
"871",1,3,1,8966,1,3,17,7,3,15,2,3,35,2
"872",2,1,2,2210,2,3,17,0,1,1,1,3,24,1
"873",2,2,2,4539,3,3,25,1,1,10,2,3,33,2
"874",1,3,2,2741,3,3,6,7,1,7,1,1,36,2
"875",1,2,2,3491,3,3,7,9,1,10,2,3,30,2
"876",1,3,2,4541,4,4,29,17,1,20,2,3,44,2
"877",1,3,2,2678,4,3,21,2,1,2,1,4,20,2
"878",1,2,2,7379,4,3,2,4,2,12,2,3,46,2
"879",1,4,2,6272,1,3,2,3,7,10,2,4,42,2
"880",1,3,1,5220,4,3,7,9,0,12,2,4,60,2
"881",2,3,2,2743,2,4,13,2,1,2,1,2,32,2
"882",2,3,1,4998,3,3,2,7,4,10,2,3,32,2
"883",2,3,1,10252,1,4,1,7,2,17,3,1,36,2
"884",1,3,2,2781,4,3,9,10,0,15,1,3,33,2
"885",2,4,2,6852,2,3,10,3,7,7,2,2,40,2
"886",1,3,2,4950,4,3,10,1,0,5,2,3,25,2
"887",1,3,1,3579,2,4,1,7,0,12,1,3,30,2
"888",2,3,1,13191,1,3,26,0,3,20,3,3,42,2
"889",2,2,1,10377,4,3,8,12,4,16,3,2,35,2
"890",1,2,1,2235,1,3,14,8,1,9,1,3,27,2
"891",2,1,2,10502,3,3,1,4,7,33,3,3,54,2
"892",2,3,2,2011,4,3,2,7,1,10,1,4,44,2
"893",2,4,1,1859,2,4,10,0,1,1,1,2,19,1
"894",2,3,2,3760,4,3,1,2,1,3,1,3,29,2
"895",1,3,2,17779,4,3,3,9,3,36,4,3,54,2
"896",1,2,1,6833,1,3,11,1,1,6,2,3,31,2
"897",2,3,2,6812,1,3,24,8,1,10,2,2,31,2
"898",2,3,2,5171,4,3,3,5,5,13,2,2,59,2
"899",1,3,2,19740,4,3,3,7,3,25,5,1,43,2
"900",1,4,2,18711,3,3,4,0,2,23,5,2,49,2
"901",1,2,2,3692,2,3,3,7,1,12,1,3,36,2
"902",1,2,2,2559,2,3,2,0,5,7,1,4,48,2
"903",1,3,2,2517,3,3,4,3,1,5,1,3,27,2
"904",1,3,1,6623,4,3,7,0,1,6,2,3,29,2
"905",1,4,2,18265,4,3,1,0,6,25,5,2,48,2
"906",2,2,2,16124,4,3,1,7,3,9,4,2,29,2
"907",2,2,2,2585,3,3,20,0,0,2,1,4,34,2
"908",1,3,2,18213,2,3,5,10,7,26,5,3,44,2
"909",1,3,1,8380,3,3,10,8,0,10,3,4,33,2
"910",2,3,1,2994,4,3,25,1,1,1,1,4,19,2
"911",1,3,2,1223,3,4,1,1,1,1,1,3,23,2
"912",1,3,1,1118,4,3,24,0,1,1,1,1,25,1
"913",1,2,1,2875,4,4,4,2,1,8,1,3,26,2
"914",2,3,1,18824,2,3,2,11,2,26,5,1,45,1
"915",1,3,1,13577,2,3,8,0,1,34,4,2,55,2
"916",2,1,2,2625,3,4,10,2,1,2,1,2,21,1
"917",2,3,2,18789,2,3,4,8,2,26,5,2,46,2
"918",2,3,1,4538,1,3,2,2,0,4,2,3,34,2
"919",1,2,1,19847,2,4,9,10,4,31,5,3,51,2
"920",1,2,2,10512,4,3,18,4,6,25,3,3,59,2
"921",2,4,2,4444,2,3,19,10,4,15,2,3,34,2
"922",1,2,1,2154,3,3,1,2,0,5,1,3,28,2
"923",1,2,2,19190,1,3,4,13,1,26,5,4,44,2
"924",1,4,2,4490,2,3,11,8,4,14,2,2,34,2
"925",1,3,1,3506,3,3,6,2,0,4,1,3,35,2
"926",2,3,1,2372,2,3,7,0,6,18,2,4,42,2
"927",2,4,2,10231,4,3,4,17,3,23,3,2,43,2
"928",2,3,1,5410,2,3,2,12,9,18,2,3,36,2
"929",2,3,2,7978,4,3,15,5,1,10,3,3,44,1
"930",1,3,1,3867,4,3,2,2,1,2,1,2,28,2
"931",2,2,2,2838,3,3,6,7,0,8,1,2,51,2
"932",2,3,1,4695,3,3,9,7,7,10,2,3,30,2
"933",2,3,1,3339,3,3,7,7,3,10,1,3,29,1
"934",1,2,2,2080,1,3,1,2,2,5,1,3,28,2
"935",2,2,2,2096,2,3,1,1,1,2,1,3,25,2
"936",1,4,2,6209,4,3,8,8,1,10,2,4,32,2
"937",2,3,2,18061,2,4,25,0,3,22,5,3,45,2
"938",2,3,1,17123,2,3,13,2,6,21,4,2,39,2
"939",1,3,2,2372,3,3,23,2,1,2,1,3,58,2
"940",1,3,2,4883,3,3,7,1,1,10,2,3,32,1
"941",1,3,2,3904,1,3,23,3,0,6,1,3,39,1
"942",2,3,2,4627,4,3,6,7,0,10,2,2,30,2
"943",2,3,2,7094,3,3,10,7,3,10,3,3,36,2
"944",2,4,2,3423,1,3,1,7,6,10,1,3,46,2
"945",2,3,2,6674,4,3,1,5,0,10,2,1,28,2
"946",2,3,1,16880,1,3,28,2,4,25,4,3,50,2
"947",1,3,1,9094,2,3,25,0,2,9,3,2,40,1
"948",1,2,1,8446,2,3,5,7,9,10,3,3,52,1
"949",2,3,1,11916,1,4,17,8,1,9,3,3,30,2
"950",1,3,2,4534,3,3,18,7,0,9,2,3,39,2
"951",2,2,1,9852,3,3,2,6,1,10,3,3,31,2
"952",1,3,2,6151,2,3,10,9,1,19,2,1,41,2
"953",2,4,1,2302,2,3,1,2,1,3,1,3,31,1
"954",1,4,2,2362,1,3,3,2,4,10,1,3,44,1
"955",1,2,1,17861,3,3,2,10,0,21,4,3,42,2
"956",2,3,2,19187,3,3,2,11,4,23,5,1,55,2
"957",1,3,2,19717,2,3,8,7,6,36,5,3,56,2
"958",1,3,2,3544,3,3,16,0,9,6,1,3,40,2
"959",1,2,2,8500,4,3,9,6,0,10,3,3,34,2
"960",1,3,2,4661,4,3,2,8,1,9,2,3,40,2
"961",2,3,2,4103,1,3,1,7,0,10,2,3,41,2
"962",1,3,1,4249,3,3,4,1,1,9,2,3,35,2
"963",1,3,1,14026,2,3,5,10,1,33,4,3,51,2
"964",2,3,2,6893,1,3,2,7,3,11,2,3,38,2
"965",2,4,2,6125,1,3,15,6,1,10,2,3,34,2
"966",1,2,2,3669,4,3,19,2,3,7,1,3,25,2
"967",2,2,1,10008,1,3,7,9,7,31,3,2,58,1
"968",1,3,2,2387,2,4,1,3,3,7,1,3,40,2
"969",2,2,2,4639,1,3,7,13,2,17,2,4,36,2
"970",1,3,2,7898,4,3,4,8,1,11,3,3,48,2
"971",2,3,2,2534,4,3,11,0,8,5,1,4,27,2
"972",2,2,2,13142,2,3,11,3,3,29,4,2,51,2
"973",2,4,2,1611,4,3,1,0,1,0,1,3,18,2
"974",2,3,2,5363,4,3,1,0,0,10,2,2,35,2
"975",1,3,2,5071,4,4,2,0,3,8,2,1,27,2
"976",1,2,1,13695,3,3,13,8,6,24,4,4,55,1
"977",1,3,1,13402,2,3,23,9,4,33,4,3,56,2
"978",2,3,2,2029,3,4,26,0,1,5,1,2,34,2
"979",2,3,2,6377,3,4,2,8,5,15,2,4,40,2
"980",1,3,2,5429,3,3,29,7,4,10,2,3,34,2
"981",2,4,2,2785,4,3,2,0,7,3,1,2,31,1
"982",2,2,1,4614,3,3,18,2,0,5,2,3,35,1
"983",1,3,2,2610,3,3,7,3,1,4,1,4,38,2
"984",2,4,2,6687,4,3,2,11,1,14,2,3,34,2
"985",1,3,2,4724,1,3,26,4,1,5,2,2,28,2
"986",1,2,1,6179,3,3,22,7,1,10,2,3,31,1
"987",1,4,1,6120,4,3,21,4,3,8,2,2,39,2
"988",1,3,2,10596,2,3,2,2,2,14,3,3,51,2
"989",2,2,1,5467,4,3,22,3,3,12,2,3,41,2
"990",1,3,1,2996,3,3,4,3,7,8,1,3,37,2
"991",1,4,2,9998,4,3,5,2,6,8,2,3,33,2
"992",1,2,1,4078,2,3,2,2,0,4,2,3,32,2
"993",1,3,2,10920,3,4,25,5,3,13,3,3,39,2
"994",1,2,2,6232,3,3,18,2,2,6,2,4,25,2
"995",2,2,1,13247,3,3,28,2,2,24,4,4,52,2
"996",2,1,1,4081,3,3,6,8,1,20,2,2,43,2
"997",2,3,1,5769,4,3,10,4,1,6,2,2,27,2
"998",2,3,1,2394,3,3,17,7,1,8,1,3,27,1
"999",1,3,2,3904,4,3,2,1,0,5,1,2,26,2
"1000",2,3,2,16799,1,3,10,9,0,21,4,3,42,2
"1001",2,1,2,2950,1,3,8,4,9,12,1,3,52,2
"1002",2,3,2,3629,3,3,11,2,4,8,1,3,37,2
"1003",1,3,2,9362,4,3,18,2,2,10,3,3,35,2
"1004",1,2,2,3229,4,3,1,2,4,7,1,3,25,2
"1005",1,3,2,3578,1,3,7,7,0,8,1,4,26,2
"1006",1,2,2,7988,1,3,17,9,1,10,3,2,29,2
"1007",1,3,2,4284,1,4,28,3,3,20,2,2,49,1
"1008",2,3,1,7553,4,3,14,7,0,9,3,3,29,1
"1009",2,2,2,17328,4,3,1,7,6,29,4,3,54,2
"1010",2,3,1,19701,1,4,1,5,3,32,5,3,58,2
"1011",1,4,2,14732,4,3,1,0,2,31,4,4,55,2
"1012",2,3,1,9278,2,3,3,1,3,15,2,3,36,2
"1013",2,3,2,1359,3,3,1,0,1,1,1,1,31,1
"1014",2,3,2,4779,1,3,7,2,7,8,2,3,30,2
"1015",2,4,2,16422,2,3,8,0,3,9,4,3,31,2
"1016",1,3,2,2996,1,3,1,3,5,10,1,3,34,2
"1017",2,4,2,1261,2,3,8,0,1,1,1,2,31,1
"1018",1,4,2,2099,1,3,11,4,0,6,1,3,27,2
"1019",1,2,2,5810,4,3,4,8,1,10,2,2,36,2
"1020",2,2,2,5647,1,3,16,2,4,11,2,2,36,2
"1021",1,2,2,3420,4,3,1,2,7,17,1,3,47,2
"1022",1,3,2,4400,1,3,9,2,3,6,1,2,25,1
"1023",1,1,2,3500,3,3,5,3,0,7,1,4,37,2
"1024",2,4,2,2066,1,4,1,0,2,5,1,3,56,2
"1025",2,4,2,17169,3,3,2,6,3,26,4,3,47,2
"1026",2,3,1,4162,3,3,4,3,1,5,2,3,24,2
"1027",1,2,2,9204,4,3,7,3,4,7,2,3,32,2
"1028",2,2,2,3294,2,3,1,2,5,7,1,2,34,2
"1029",1,2,1,2127,3,3,5,3,2,7,1,4,41,2
"1030",1,4,2,3975,3,3,9,7,3,11,2,3,40,2
"1031",1,3,2,10793,4,3,8,9,1,13,3,3,31,2
"1032",1,4,2,10096,4,3,9,3,4,28,3,3,46,1
"1033",2,4,1,3646,1,4,2,0,2,11,1,2,39,1
"1034",2,3,2,7446,2,3,1,7,1,10,3,4,31,1
"1035",1,3,1,10851,1,3,20,7,2,24,3,1,45,2
"1036",2,3,2,2109,2,3,8,2,9,8,1,4,31,2
"1037",1,1,1,3722,4,3,2,2,6,7,1,3,31,1
"1038",1,4,1,9380,4,3,29,2,4,10,3,3,45,2
"1039",1,3,2,5486,1,3,7,2,4,15,2,3,48,2
"1040",2,3,2,2742,3,3,9,2,1,2,1,3,34,1
"1041",1,3,2,13757,2,3,8,8,2,16,3,2,40,2
"1042",1,3,2,8463,1,3,5,3,0,6,2,3,28,2
"1043",1,3,2,3162,3,3,5,3,3,7,1,2,44,2
"1044",1,2,2,16598,2,3,2,8,4,35,4,4,53,2
"1045",1,2,2,6651,3,3,5,2,2,20,2,3,49,2
"1046",1,4,2,2345,3,3,2,2,2,8,1,3,40,2
"1047",1,2,2,3420,2,3,20,3,1,6,1,3,44,2
"1048",1,3,2,4373,1,3,7,3,0,5,2,3,33,2
"1049",1,3,2,4759,1,3,3,12,3,15,2,1,34,2
"1050",1,2,2,5301,3,3,16,2,8,4,2,3,30,2
"1051",2,3,2,3673,4,3,9,8,1,12,1,3,42,2
"1052",2,2,2,4768,3,3,1,0,7,11,2,3,44,2
"1053",1,2,2,1274,3,3,7,0,1,1,1,3,30,2
"1054",1,2,2,4900,3,4,1,8,0,13,2,4,57,2
"1055",1,3,2,10466,2,3,7,7,3,29,3,3,49,2
"1056",1,2,2,17007,1,3,15,9,7,16,4,3,34,2
"1057",1,4,2,2909,3,3,1,2,3,5,1,3,28,1
"1058",2,1,2,5765,2,3,13,0,5,7,2,3,29,1
"1059",2,4,1,4599,2,4,24,10,0,16,2,2,34,1
"1060",1,3,2,2404,3,3,7,0,1,1,1,3,35,2
"1061",1,2,1,3172,1,3,9,0,2,4,1,3,24,1
"1062",2,3,2,2033,2,3,13,0,1,1,1,3,24,2
"1063",1,2,1,10209,3,3,2,2,5,16,3,3,44,2
"1064",1,3,2,8620,3,3,19,4,1,10,2,2,29,2
"1065",1,4,2,2064,3,4,1,3,0,6,1,3,30,2
"1066",1,3,1,4035,3,3,4,2,0,4,2,3,55,2
"1067",2,3,2,3838,2,3,4,2,8,8,1,2,33,2
"1068",2,2,1,4591,3,3,14,2,3,11,2,3,47,2
"1069",1,2,2,2561,1,3,2,0,7,8,1,2,28,1
"1070",1,1,2,1563,3,3,1,0,1,1,1,2,28,2
"1071",1,3,2,4898,1,3,7,3,0,5,2,3,28,2
"1072",2,3,2,4789,1,4,3,2,4,10,2,2,49,2
"1073",2,3,2,3180,2,3,2,2,0,4,1,3,29,2
"1074",1,2,2,6549,2,3,29,7,1,8,2,1,28,2
"1075",1,3,1,6388,3,3,8,0,2,14,2,3,33,2
"1076",1,4,2,11244,4,4,10,0,2,10,3,3,32,2
"1077",2,3,2,16032,4,4,11,12,3,26,4,3,54,2
"1078",1,1,2,2362,1,3,1,7,6,11,1,2,29,1
"1079",1,4,2,16328,1,3,28,17,3,24,4,3,44,2
"1080",2,3,2,8376,2,3,6,2,4,9,3,3,39,2
"1081",2,4,2,16606,2,3,3,1,8,23,4,3,46,2
"1082",2,1,2,8606,2,3,16,3,1,11,3,2,35,2
"1083",1,3,2,2272,3,3,20,2,0,5,2,3,23,2
"1084",1,1,2,2018,1,3,9,0,3,15,1,3,40,1
"1085",1,3,1,7083,3,3,1,6,1,10,3,2,34,2
"1086",2,1,2,4084,3,3,3,7,1,7,1,3,31,1
"1087",1,3,1,14411,4,3,22,9,1,32,4,1,50,2
"1088",1,3,1,2308,3,4,7,7,0,12,1,3,34,2
"1089",1,3,2,4841,2,3,2,0,4,4,1,2,42,2
"1090",1,3,2,4285,4,3,13,7,1,10,2,3,37,2
"1091",2,3,2,9715,1,3,8,7,3,9,2,1,29,2
"1092",1,3,2,4320,2,3,25,2,1,5,2,2,33,2
"1093",1,3,2,2132,4,4,28,3,4,8,1,3,45,2
"1094",1,1,1,10124,4,3,2,9,2,24,3,3,42,2
"1095",1,4,2,5473,1,3,9,1,0,9,2,3,40,2
"1096",1,3,1,5207,3,3,28,7,1,15,2,3,33,2
"1097",1,3,1,16437,4,4,6,7,1,21,4,3,40,2
"1098",1,3,2,2296,1,3,21,0,0,2,1,2,24,2
"1099",1,3,1,4069,4,3,8,2,3,8,2,3,40,2
"1100",1,3,2,7441,2,3,1,7,1,10,3,3,45,2
"1101",2,3,2,2430,3,4,28,2,0,6,1,2,35,2
"1102",2,3,2,5878,2,3,5,5,3,12,2,2,32,2
"1103",1,2,1,2644,4,4,2,2,3,7,1,3,36,2
"1104",2,3,2,6439,3,3,16,7,8,18,2,3,48,2
"1105",1,2,2,2451,3,3,9,0,6,5,1,4,29,2
"1106",1,1,2,6392,1,3,8,2,2,8,2,3,33,2
"1107",1,3,2,9714,1,3,1,7,1,10,2,2,30,1
"1108",1,3,2,6077,3,3,10,2,3,10,2,3,38,2
"1109",1,3,2,2450,1,3,1,2,1,3,1,2,35,2
"1110",1,3,2,9250,2,3,29,3,3,9,3,3,30,2
"1111",2,3,1,2074,1,3,2,0,1,1,1,3,35,1
"1112",2,3,2,10169,4,3,2,9,0,34,3,2,53,1
"1113",1,3,2,4855,2,3,2,4,4,7,2,3,38,1
"1114",1,2,2,4087,1,3,1,2,4,9,2,3,32,2
"1115",2,2,2,2367,1,3,15,6,8,10,1,3,48,2
"1116",1,1,2,2972,4,3,7,0,1,1,1,3,34,2
"1117",1,3,2,19586,4,4,26,13,1,36,5,2,55,2
"1118",1,2,2,5484,4,3,1,1,9,9,2,3,34,2
"1119",2,3,2,2061,4,4,3,0,1,1,1,3,26,2
"1120",1,3,2,9924,2,3,14,7,0,10,2,3,38,2
"1121",2,4,2,4198,2,3,16,2,2,8,2,3,38,2
"1122",2,3,2,6815,3,3,1,0,6,15,2,3,36,2
"1123",1,3,1,4723,1,3,3,5,1,10,1,3,29,2
"1124",2,3,1,6142,3,3,10,4,3,10,2,3,35,2
"1125",1,3,2,8237,3,3,6,6,2,11,3,4,39,2
"1126",1,4,2,8853,4,3,2,3,1,6,2,3,29,2
"1127",1,3,1,19331,3,3,9,0,4,27,5,3,50,2
"1128",1,3,2,2073,3,3,10,2,2,4,1,4,23,2
"1129",1,3,1,5562,1,3,6,2,3,9,2,4,36,2
"1130",1,3,2,19613,4,4,9,1,8,24,5,2,42,2
"1131",1,2,2,3407,3,3,28,8,1,10,2,4,35,2
"1132",1,2,2,5063,3,3,10,7,1,8,2,2,34,2
"1133",2,3,2,4639,1,3,14,2,1,5,2,3,40,2
"1134",1,3,2,4876,2,3,27,2,5,8,1,4,43,2
"1135",1,2,2,2690,4,3,7,1,1,1,1,2,35,2
"1136",1,1,2,17567,1,3,1,12,1,27,4,4,46,2
"1137",1,3,1,2408,2,3,24,0,1,1,1,3,28,1
"1138",2,2,1,2814,3,3,26,3,1,4,1,2,22,2
"1139",1,3,1,11245,3,3,20,13,2,32,4,3,50,2
"1140",2,3,2,3312,4,3,5,2,3,6,1,4,32,2
"1141",2,2,1,19049,4,3,7,10,0,23,5,3,44,2
"1142",1,2,2,2141,2,3,7,1,1,6,1,2,30,2
"1143",2,3,1,5769,1,3,5,4,1,10,2,1,45,2
"1144",1,3,2,4385,1,3,26,5,1,10,2,2,45,2
"1145",1,3,2,5332,1,3,2,3,7,10,2,3,31,2
"1146",2,3,1,4663,3,3,12,1,9,7,2,3,36,2
"1147",1,3,2,4724,4,3,10,2,1,9,2,4,34,2
"1148",2,2,2,3211,1,3,25,4,1,10,1,3,49,2
"1149",1,3,2,5377,1,3,10,7,2,10,2,3,39,2
"1150",1,3,2,4066,1,3,19,7,1,7,1,2,27,2
"1151",1,3,2,5208,1,3,18,10,1,16,2,4,35,2
"1152",2,2,2,4877,1,4,27,0,0,6,2,1,28,2
"1153",1,3,2,3117,4,3,5,2,1,3,1,3,21,2
"1154",2,4,1,1569,4,3,3,0,1,0,1,3,18,1
"1155",2,3,2,19658,3,3,26,0,3,27,5,3,47,2
"1156",1,3,2,3069,3,3,3,7,0,11,2,2,39,2
"1157",2,3,2,10435,3,3,15,12,1,18,3,2,40,2
"1158",2,3,2,4148,3,3,8,9,1,15,2,3,35,2
"1159",1,2,2,5768,3,3,19,2,3,9,2,3,37,2
"1160",2,1,2,5042,3,3,4,8,0,10,2,3,39,2
"1161",2,3,2,5770,4,3,2,9,1,10,2,2,45,2
"1162",2,4,1,7756,3,3,2,2,3,10,3,2,38,2
"1163",1,3,2,10306,1,3,10,0,9,15,3,2,35,1
"1164",2,1,2,3936,2,3,10,7,1,8,1,3,37,2
"1165",2,2,1,7945,4,3,16,3,6,18,3,3,40,2
"1166",1,3,1,5743,4,3,1,2,4,14,2,3,44,2
"1167",1,3,2,15202,4,4,4,2,2,23,4,2,48,2
"1168",1,2,1,5440,4,3,15,2,6,7,2,1,35,1
"1169",2,3,1,3760,4,3,2,3,1,6,1,3,24,2
"1170",2,3,2,3517,3,3,8,2,7,5,1,4,27,2
"1171",1,2,2,2580,4,3,2,2,2,6,1,3,27,2
"1172",1,1,1,2166,1,3,7,3,3,10,1,3,40,1
"1173",1,3,2,5869,3,3,10,4,9,8,2,2,29,2
"1174",2,3,2,8008,1,3,5,2,4,9,3,3,36,2
"1175",1,3,2,5206,3,3,2,7,1,7,2,4,25,2
"1176",1,3,2,5295,2,4,12,0,4,7,2,3,39,2
"1177",2,3,2,16413,2,3,22,2,3,27,4,3,49,2
"1178",2,3,2,13269,1,3,17,11,5,19,3,2,50,2
"1179",2,3,2,2783,3,3,2,2,1,2,1,3,20,2
"1180",2,3,2,5433,2,3,3,9,1,11,2,3,34,2
"1181",1,3,2,2013,2,3,7,3,2,15,1,3,36,2
"1182",2,3,1,13966,3,3,6,12,2,30,4,2,49,2
"1183",2,3,2,4374,3,3,1,2,0,4,2,2,36,2
"1184",1,3,2,6842,1,4,3,4,6,13,2,4,36,2
"1185",2,3,2,17426,3,4,22,7,3,36,4,3,54,2
"1186",1,3,2,17603,3,4,15,11,1,14,4,2,43,2
"1187",1,4,1,4581,4,4,12,7,3,13,2,3,35,1
"1188",1,4,2,4735,4,3,1,9,7,19,2,3,38,2
"1189",1,2,1,4187,2,3,5,9,1,10,2,2,29,2
"1190",1,3,2,5505,4,3,2,4,1,6,2,3,33,2
"1191",1,2,2,5470,2,3,2,6,0,10,2,3,32,2
"1192",2,3,2,5476,4,3,5,2,1,10,2,3,31,2
"1193",2,2,1,2587,1,3,16,2,4,17,1,3,49,2
"1194",2,3,2,2440,2,4,2,3,1,4,1,2,38,2
"1195",2,3,2,15972,2,3,2,2,6,29,4,4,47,2
"1196",1,3,2,15379,3,3,1,0,4,23,4,3,49,2
"1197",1,3,1,7082,3,3,23,2,3,21,3,3,41,2
"1198",1,3,2,2728,1,3,9,2,1,2,1,3,20,2
"1199",2,3,1,5368,4,4,16,2,1,7,2,3,33,2
"1200",1,2,2,5347,3,3,26,2,6,10,2,3,36,2
"1201",2,3,1,3195,4,3,1,2,4,8,1,3,44,2
"1202",1,3,1,3989,3,3,8,2,1,5,1,2,23,1
"1203",2,2,2,3306,3,3,4,0,7,7,1,3,38,2
"1204",1,3,2,7005,4,3,24,2,3,11,3,4,53,2
"1205",2,3,1,2655,3,3,7,7,2,19,1,3,48,1
"1206",1,3,2,1393,2,3,2,0,1,1,1,3,32,1
"1207",1,3,2,2570,4,4,7,7,1,7,1,3,26,2
"1208",1,3,2,3537,2,3,22,2,5,8,1,2,55,2
"1209",1,4,2,3986,4,3,5,13,1,15,2,2,34,2
"1210",1,4,2,10883,4,4,1,0,3,19,3,1,60,2
"1211",1,3,2,2028,2,3,21,13,1,14,1,4,33,2
"1212",1,2,2,9525,4,3,1,3,1,6,2,1,37,2
"1213",2,3,2,2929,4,3,19,7,1,10,1,2,34,2
"1214",1,3,1,2275,4,4,7,2,1,3,1,3,23,1
"1215",2,3,1,7879,4,3,2,7,1,9,3,4,44,2
"1216",1,4,1,4930,4,3,2,4,0,6,1,2,35,2
"1217",1,3,1,7847,4,3,2,8,1,10,2,3,43,2
"1218",1,3,2,4401,3,3,9,4,1,5,1,4,24,2
"1219",1,3,2,9241,3,3,6,7,1,10,3,3,41,2
"1220",2,3,2,2974,3,3,9,2,9,9,1,3,29,2
"1221",2,2,2,4502,4,3,2,7,3,17,2,3,36,2
"1222",1,2,2,10748,3,4,1,4,3,25,3,2,45,2
"1223",1,3,2,1555,3,3,22,0,1,1,1,1,24,1
"1224",1,1,2,12936,3,3,9,10,7,25,4,1,47,1
"1225",1,4,2,2305,3,3,17,2,1,3,1,1,26,2
"1226",2,3,2,16704,2,3,28,6,1,21,4,2,45,2
"1227",1,2,2,3433,3,3,10,3,6,10,1,3,32,2
"1228",1,4,2,3477,3,3,2,3,1,6,1,3,31,2
"1229",1,3,2,6430,2,3,4,2,6,10,2,1,41,2
"1230",2,3,1,6516,1,3,8,0,2,18,2,3,40,2
"1231",1,4,2,3907,1,3,29,2,1,6,1,3,24,2
"1232",1,3,2,5562,2,3,13,9,6,19,2,3,46,2
"1233",1,3,2,6883,3,3,27,7,2,17,2,3,35,2
"1234",1,2,2,2862,4,3,16,8,1,10,1,3,30,2
"1235",1,1,2,4978,2,3,2,0,7,4,2,3,47,2
"1236",1,2,1,10368,4,3,2,3,4,13,3,3,46,2
"1237",1,3,1,6134,1,3,13,2,5,16,2,2,36,1
"1238",1,3,2,6735,2,3,1,0,6,10,2,1,32,1
"1239",2,1,2,3295,2,3,4,2,1,3,1,3,23,2
"1240",2,2,2,5238,4,4,24,4,2,9,2,3,31,2
"1241",1,3,1,6472,4,3,1,8,1,9,2,3,39,2
"1242",1,1,2,9610,3,3,19,2,3,10,3,1,32,2
"1243",1,2,2,19833,2,3,7,8,1,21,5,3,40,2
"1244",2,4,2,9756,3,4,4,3,4,9,3,1,45,2
"1245",2,3,2,4968,1,3,2,7,0,10,1,2,30,2
"1246",1,3,2,2145,4,3,10,1,0,3,1,3,24,2
"1247",2,2,2,2180,4,3,8,2,6,6,1,2,30,1
"1248",1,3,2,8346,3,3,5,2,1,6,2,3,31,2
"1249",2,2,2,3445,4,3,8,4,1,6,1,3,27,2
"1250",2,3,2,2760,2,3,9,2,1,2,1,1,29,1
"1251",1,4,1,6294,3,3,1,2,8,10,2,4,29,2
"1252",1,3,2,7140,1,3,15,7,2,12,3,2,30,2
"1253",1,3,1,2932,4,3,2,2,0,6,1,4,34,2
"1254",2,2,2,5147,2,3,2,7,8,13,2,3,33,2
"1255",2,4,2,4507,4,3,11,4,3,8,2,3,49,2
"1256",2,2,1,8564,1,4,16,0,2,11,3,3,33,1
"1257",2,2,2,2468,2,3,2,5,4,9,1,2,38,2
"1258",1,3,2,8161,3,3,16,0,2,10,3,3,31,1
"1259",2,3,2,2109,1,3,4,0,1,1,1,2,29,2
"1260",1,3,2,5294,3,3,16,7,3,10,2,4,30,2
"1261",1,3,2,2718,2,3,5,7,2,12,1,3,32,2
"1262",1,3,1,5811,4,3,18,0,3,15,2,1,38,2
"1263",1,3,1,2437,3,3,17,0,9,6,1,2,43,1
"1264",1,2,2,2766,2,4,12,4,8,7,1,3,42,2
"1265",1,3,2,19038,1,3,2,0,8,34,5,2,55,2
"1266",1,2,2,3055,2,3,4,7,5,11,2,3,33,2
"1267",1,3,2,2289,1,4,9,4,1,5,1,3,41,2
"1268",1,3,1,4001,3,3,10,7,1,15,2,3,34,2
"1269",2,2,1,12965,3,4,1,2,4,27,4,2,53,2
"1270",1,3,2,3539,4,3,2,8,0,10,1,3,43,2
"1271",2,3,2,6029,4,3,3,2,5,6,2,1,34,2
"1272",1,3,2,2679,2,3,7,0,1,1,1,3,21,1
"1273",2,3,2,3702,3,3,6,4,1,5,1,2,38,2
"1274",2,3,1,2398,1,3,8,0,1,1,1,3,22,1
"1275",2,3,2,5468,4,3,29,7,1,13,2,2,31,2
"1276",2,3,2,13116,3,3,3,2,2,15,3,3,51,2
"1277",1,3,2,4189,2,3,9,3,1,5,2,2,37,2
"1278",1,3,1,19328,4,3,2,2,7,24,5,3,46,2
"1279",1,3,1,8321,1,3,10,7,7,15,3,3,36,2
"1280",1,2,1,2342,2,3,1,3,1,6,1,3,44,1
"1281",1,2,2,4071,2,3,8,7,2,19,2,3,37,2
"1282",1,3,1,5813,4,3,27,7,1,10,2,3,35,1
"1283",1,3,2,3143,1,3,8,6,6,14,1,4,33,2
"1284",1,4,2,2044,4,3,1,3,1,5,1,3,28,2
"1285",1,3,2,13464,3,4,10,2,7,9,3,3,39,2
"1286",1,3,2,7991,2,3,26,2,8,6,2,2,46,2
"1287",2,2,2,3377,1,3,2,2,4,7,1,3,40,2
"1288",1,2,2,5538,1,3,13,0,5,10,2,4,42,2
"1289",1,3,2,5762,4,3,2,7,2,15,2,3,35,2
"1290",1,3,2,2592,2,3,2,8,5,13,1,3,38,2
"1291",1,2,2,5346,1,3,9,7,4,11,2,3,34,1
"1292",1,1,2,4213,1,3,10,8,1,10,2,3,37,1
"1293",1,3,2,4127,4,3,20,2,2,7,2,3,39,2
"1294",1,2,2,2438,3,3,9,2,4,7,1,3,43,2
"1295",1,1,2,6870,2,3,5,2,3,11,2,4,41,2
"1296",2,4,1,10447,3,3,4,5,0,23,3,3,41,2
"1297",2,3,2,9667,3,3,10,2,9,9,3,3,30,2
"1298",2,3,1,2148,2,3,20,4,0,6,1,3,26,1
"1299",2,4,2,8926,2,4,21,7,4,13,2,3,46,1
"1300",2,3,2,6513,4,3,1,3,4,12,2,3,40,2
"1301",1,3,2,6799,3,4,8,8,1,10,2,4,34,2
"1302",1,2,2,16291,2,4,2,14,4,37,4,3,58,2
"1303",1,4,2,2705,3,3,23,3,0,6,1,1,35,2
"1304",2,3,1,10333,2,3,4,10,8,28,3,2,47,2
"1305",2,3,2,4448,1,3,12,7,2,15,2,3,40,2
"1306",2,2,2,6854,4,3,7,7,4,14,2,3,54,2
"1307",2,3,2,9637,1,3,7,2,2,9,3,3,31,2
"1308",2,3,2,3591,1,4,1,2,1,3,1,3,28,2
"1309",2,2,1,5405,4,4,2,3,2,20,2,1,38,2
"1310",1,3,2,4684,4,3,10,2,1,5,2,3,26,2
"1311",1,3,1,15787,3,3,15,2,2,23,4,3,58,2
"1312",2,1,2,1514,3,3,14,0,1,0,1,3,18,2
"1313",1,3,2,2956,1,3,18,0,0,2,1,4,31,1
"1314",1,3,1,2335,1,3,13,0,4,4,1,2,29,1
"1315",2,4,2,5154,3,4,2,7,4,10,2,3,45,2
"1316",2,3,1,6962,2,4,2,0,4,15,2,3,36,2
"1317",1,3,2,5675,4,4,2,7,1,7,2,3,43,2
"1318",2,2,1,2379,4,3,5,2,0,6,1,3,27,2
"1319",1,4,2,3812,4,3,20,10,1,11,1,3,29,2
"1320",1,4,2,4648,4,3,10,0,8,4,2,3,32,2
"1321",1,2,2,2936,3,4,10,3,3,10,1,3,42,2
"1322",2,3,2,2105,3,3,9,0,4,7,1,3,47,2
"1323",1,2,2,8578,4,3,2,7,3,12,3,3,46,2
"1324",1,3,2,2706,4,3,1,2,1,3,1,3,28,2
"1325",1,3,2,6384,3,3,29,6,8,11,2,1,29,2
"1326",1,3,2,3968,3,3,8,0,4,8,1,3,42,2
"1327",1,2,1,9907,2,3,2,2,7,7,2,2,32,1
"1328",2,3,2,13225,1,3,3,8,2,25,4,4,46,2
"1329",2,3,2,3540,3,4,23,8,1,9,2,2,27,2
"1330",1,3,2,2804,2,3,6,0,1,1,1,2,29,2
"1331",2,3,2,19392,3,3,6,14,7,21,5,2,43,2
"1332",1,3,2,19665,2,3,10,9,4,29,5,2,48,2
"1333",1,2,1,2439,4,4,24,0,1,1,1,2,29,1
"1334",2,3,2,7314,2,4,10,7,5,14,3,3,46,1
"1335",2,2,2,4774,1,3,15,3,0,8,1,2,27,2
"1336",1,3,2,3902,4,3,19,2,8,7,2,3,39,2
"1337",1,4,2,2662,4,4,2,4,8,19,1,2,55,2
"1338",2,3,2,2856,2,3,3,0,1,1,1,3,28,2
"1339",1,2,2,1081,4,3,9,0,1,1,1,3,30,1
"1340",1,3,1,2472,2,4,7,0,1,1,1,3,22,1
"1341",2,3,1,5673,3,3,10,7,1,10,2,2,36,2
"1342",1,3,2,4197,3,3,20,2,1,10,2,3,31,2
"1343",1,3,1,9713,4,3,4,0,2,9,3,3,34,2
"1344",1,3,2,2062,1,3,7,2,3,11,1,3,29,2
"1345",1,3,1,4284,1,4,7,4,5,16,2,3,37,2
"1346",2,3,1,4788,2,3,16,2,0,4,2,2,35,2
"1347",2,2,2,5906,4,3,25,8,0,10,2,2,45,2
"1348",1,2,2,3886,4,4,2,8,1,10,2,2,36,2
"1349",1,3,2,16823,1,3,1,16,2,22,4,3,40,2
"1350",2,2,1,2933,3,3,1,0,1,1,1,2,26,2
"1351",2,2,2,6500,3,3,2,7,0,9,2,4,27,2
"1352",2,3,2,17174,4,3,22,7,3,24,4,3,48,2
"1353",1,3,2,5033,1,3,1,2,2,10,2,4,44,2
"1354",1,3,1,2307,1,4,16,0,1,5,1,1,34,1
"1355",1,3,2,2587,4,3,24,0,1,5,1,3,56,1
"1356",1,1,2,5507,2,3,17,3,2,12,2,2,36,2
"1357",2,3,2,4393,2,4,8,4,5,14,2,3,41,2
"1358",1,4,2,13348,1,3,6,7,9,18,3,3,42,2
"1359",2,3,1,6583,4,3,10,4,2,8,2,3,31,2
"1360",2,2,1,8103,4,3,3,1,3,9,2,2,34,2
"1361",2,2,2,3978,3,3,4,2,8,4,1,4,31,2
"1362",1,3,2,2544,4,3,6,7,0,8,1,4,26,2
"1363",1,3,2,5399,3,3,1,3,4,12,2,3,45,2
"1364",1,2,2,5487,3,3,10,9,1,10,2,3,33,2
"1365",1,3,1,6834,4,3,1,7,1,7,2,2,28,2
"1366",1,3,2,1091,1,3,24,0,1,1,1,4,29,1
"1367",2,3,2,5736,3,3,21,2,6,10,2,1,39,2
"1368",1,2,2,2226,2,3,2,2,1,6,1,3,27,2
"1369",1,3,1,5747,4,3,22,11,1,16,2,2,34,2
"1370",2,3,1,9854,3,3,13,2,3,6,2,3,28,1
"1371",1,4,2,5467,2,3,14,7,8,16,2,3,47,2
"1372",2,3,2,5380,1,3,11,0,4,6,2,2,56,2
"1373",1,3,2,5151,1,4,9,9,1,10,2,3,39,2
"1374",2,3,1,2133,2,3,8,7,1,20,2,2,38,2
"1375",2,2,1,17875,4,3,21,0,4,29,4,3,58,2
"1376",2,3,1,2432,3,3,5,3,3,8,1,4,32,1
"1377",1,4,2,4771,4,3,9,3,2,10,1,3,38,2
"1378",1,3,2,19161,4,3,2,3,3,28,5,3,49,2
"1379",1,3,1,5087,4,3,12,0,3,14,2,3,42,2
"1380",2,3,2,2863,2,3,22,0,1,1,1,2,27,1
"1381",1,1,2,5561,1,3,18,4,0,6,2,3,35,2
"1382",1,2,2,2144,3,3,16,4,1,5,1,3,28,2
"1383",1,4,1,3065,1,3,3,3,1,4,1,3,31,2
"1384",1,3,2,2810,2,4,9,2,1,5,1,4,36,2
"1385",1,2,2,9888,4,4,1,1,1,14,3,3,34,2
"1386",1,2,2,8628,3,3,13,1,1,9,3,3,34,2
"1387",1,2,2,2867,1,3,1,6,0,8,1,3,26,2
"1388",1,2,2,5373,1,3,1,2,0,6,2,3,29,2
"1389",2,3,2,6667,4,3,15,2,5,9,2,3,32,2
"1390",1,3,2,5003,1,4,1,7,1,10,2,1,31,2
"1391",1,2,2,2367,4,3,17,3,5,6,1,2,28,1
"1392",1,2,2,2858,1,3,1,0,4,20,1,2,38,2
"1393",2,3,1,5204,4,3,7,9,1,10,2,3,35,2
"1394",1,3,2,4105,4,3,9,7,1,7,2,3,27,2
"1395",1,3,2,9679,4,4,5,0,8,8,2,2,32,2
"1396",1,3,1,5617,4,3,26,8,1,10,2,3,31,1
"1397",1,2,1,10448,1,3,24,2,6,15,3,3,53,1
"1398",2,2,2,2897,3,3,9,3,3,9,2,3,54,2
"1399",1,3,2,5968,3,4,7,8,1,9,2,3,33,2
"1400",1,3,2,7510,3,3,11,9,1,10,3,3,43,2
"1401",1,3,1,2991,2,3,1,2,0,7,1,3,38,2
"1402",1,3,1,19636,2,3,26,4,4,35,5,4,55,2
"1403",2,3,1,1129,4,3,2,0,1,1,1,1,31,2
"1404",1,3,2,13341,1,3,15,10,0,21,4,3,39,2
"1405",1,3,2,4332,3,3,23,7,1,20,2,2,42,2
"1406",2,4,2,11031,3,4,10,8,4,13,3,3,31,2
"1407",2,3,1,4440,1,3,10,4,6,9,2,3,54,2
"1408",1,2,2,4617,3,3,1,2,1,4,2,2,24,2
"1409",1,4,2,2647,4,3,12,4,1,5,1,3,23,2
"1410",2,4,2,6323,3,3,11,4,1,10,2,3,40,2
"1411",2,3,2,5677,2,3,2,10,3,15,2,3,40,2
"1412",2,3,2,2187,2,3,2,2,4,6,1,3,25,2
"1413",1,2,2,3748,2,3,1,7,1,12,1,3,30,2
"1414",1,2,1,3977,3,3,2,2,6,7,1,3,25,2
"1415",1,3,2,8633,3,4,25,11,2,25,3,3,47,2
"1416",1,2,2,2008,3,3,1,0,1,1,1,2,33,2
"1417",1,3,2,4440,2,3,1,8,0,16,2,3,38,2
"1418",1,3,2,3067,3,3,2,2,0,3,1,3,31,2
"1419",1,3,2,5321,3,3,6,7,2,10,2,2,38,2
"1420",1,2,1,5410,1,3,18,2,6,9,2,3,42,2
"1421",1,3,2,2782,4,4,1,0,3,12,1,3,41,2
"1422",2,1,2,11957,2,3,1,12,0,14,3,3,47,2
"1423",1,3,1,2660,3,3,11,2,7,5,1,3,35,2
"1424",1,4,2,3375,3,3,1,2,0,4,1,3,22,2
"1425",1,3,2,5098,3,3,9,8,1,10,2,3,35,2
"1426",2,3,1,4878,4,3,15,1,0,10,2,3,33,2
"1427",2,3,2,2837,2,3,29,1,1,6,1,2,32,2
"1428",1,2,2,2406,4,3,1,0,8,8,1,3,40,2
"1429",1,3,2,2269,2,3,1,2,0,3,1,2,32,2
"1430",1,3,2,4108,4,3,24,7,7,18,2,3,39,2
"1431",2,3,2,13206,3,3,10,11,3,20,3,1,38,2
"1432",2,3,2,10422,4,3,1,7,1,14,3,3,32,2
"1433",2,3,1,13744,4,4,10,8,1,16,3,4,37,2
"1434",2,2,1,4907,3,4,8,4,0,6,2,3,25,2
"1435",1,2,2,3482,4,3,29,0,2,16,1,3,52,2
"1436",1,3,1,2436,4,3,1,2,6,6,1,3,44,2
"1437",1,3,1,2380,1,3,5,2,1,2,1,3,21,2
"1438",1,2,2,19431,4,3,9,3,2,21,5,3,39,2
"1439",1,2,2,1790,1,3,9,0,1,1,1,3,23,1
"1440",2,3,2,7644,4,3,3,4,0,10,3,2,36,2
"1441",2,3,2,5131,2,3,4,2,7,18,2,3,36,2
"1442",1,2,2,6306,3,4,1,9,1,13,2,3,56,2
"1443",1,4,1,4787,4,3,1,2,9,4,1,3,29,1
"1444",1,2,2,18880,3,3,2,14,5,24,5,3,42,2
"1445",1,1,2,2339,3,3,7,8,8,14,1,3,56,1
"1446",2,3,2,13570,2,4,28,10,0,21,4,2,41,2
"1447",2,3,2,6712,3,4,28,7,1,8,2,2,34,2
"1448",1,2,2,5406,4,4,15,11,1,15,2,1,36,2
"1449",1,3,2,8938,2,3,3,4,2,14,2,2,41,2
"1450",1,3,2,2439,1,3,2,2,1,4,1,3,32,2
"1451",2,3,1,8837,4,3,26,7,1,9,3,3,35,2
"1452",2,3,2,5343,4,3,10,9,1,10,2,3,38,2
"1453",1,3,2,6728,3,3,1,1,7,12,2,3,50,1
"1454",2,2,2,6652,4,3,11,0,4,8,2,2,36,2
"1455",2,3,2,4850,3,3,20,1,8,8,2,3,45,2
"1456",1,3,2,2809,3,3,2,2,2,8,1,2,40,2
"1457",1,4,1,5689,3,3,18,2,1,10,2,3,35,2
"1458",2,3,2,2001,3,3,2,2,2,20,1,3,40,2
"1459",2,3,2,2977,4,3,1,1,1,4,1,1,35,2
"1460",1,3,1,4025,2,3,13,3,4,10,2,2,29,2
"1461",2,1,2,3785,1,3,28,4,1,5,1,2,29,2
"1462",1,3,1,10854,1,3,28,0,4,20,3,2,50,1
"1463",2,2,2,12031,4,3,24,6,0,21,4,2,39,2
"1464",1,3,2,9936,1,3,5,7,0,10,2,3,31,2
"1465",2,3,2,2966,3,3,5,0,0,5,1,2,26,2
"1466",1,3,2,2571,4,3,23,3,4,17,2,4,36,2
"1467",1,3,2,9991,1,3,6,7,4,9,3,2,39,2
"1468",1,3,1,6142,2,4,4,3,1,6,2,4,27,2
"1469",1,2,2,5390,2,3,2,8,2,17,2,2,49,2
"1470",1,4,2,4404,3,3,8,2,2,6,2,4,34,2
